image,patient,label,dice,iou,precision,recall
198-1.txt.jpg,198,1,0.806544105245404,0.6758055398530243,0.8957572351784209,0.7334918321957206
241-11.txt.jpg,241,1,0.6772049161320244,0.5119499795477123,0.7915612576797976,0.5917195731460219
245-1.txt.jpg,245,1,0.6945134575569358,0.531995876615653,0.8082158776051078,0.6088574280787731
251-1.txt.jpg,251,1,0.7212090222146469,0.5639772525324329,0.8430070394474698,0.6301628276409849
257-1.txt.jpg,257,1,0.7597708030445566,0.6126051579092539,0.7931434693330952,0.7290931473122692
259-1.txt.jpg,259,1,0.8487091322338132,0.7371804606428752,0.925869413185835,0.7834203023293346
261-1.txt.jpg,261,1,0.7776914711822277,0.6362480935434672,0.8506372132540356,0.7162684218056946
263-1.txt.jpg,263,1,0.8436509382401166,0.729581547769095,0.8748583087735208,0.8145933014354066
72-1.txt.jpg,72,1,0.8073045194951702,0.6768739654764719,0.8978983688833124,0.7333162546432689
IR_2015-04-17_0007.jpg,2015-04-17,1,0.8048893846439859,0.6734852609473438,0.9079375065534235,0.7228483178896402
IR_2015-04-17_0008.jpg,2015-04-17,1,0.8072371727509481,0.6767792844556807,0.8916027452563585,0.7374572167960598
IR_2015-04-17_0009.jpg,2015-04-17,1,0.8094566947033417,0.6799052929046056,0.8887779552715654,0.7431338175139828
IR_2015-04-17_0010.jpg,2015-04-17,1,0.8119316114950891,0.683404776484997,0.891640866873065,0.7453042824943651
IR_2015-04-17_0011.jpg,2015-04-17,1,0.8048791630499338,0.6734709480122324,0.8889001009081735,0.7353702312379998
IR_2015-04-17_0012.jpg,2015-04-17,1,0.8083734447370811,0.6783781723953967,0.8862889574828239,0.7430503380916604
IR_2015-04-17_0013.jpg,2015-04-17,1,0.7991680983814088,0.6655120481927711,0.8716835979879672,0.7377911344853494
IR_2015-04-17_0014.jpg,2015-04-17,1,0.7967685155932662,0.6621905476369092,0.8672627235213205,0.736872860839803
IR_2015-04-17_0015.jpg,2015-04-17,1,0.7941713868079664,0.6586105007955149,0.8769292847775648,0.7256866182486017
IR_2015-04-17_0016.jpg,2015-04-17,1,0.7801346955605443,0.6395252760459701,0.8645410235580828,0.7107438016528925
IR_2015-04-17_0017.jpg,2015-04-17,1,0.7848530692706185,0.6458914962649966,0.8704494610534879,0.7145838550797229
IR_2015-04-17_0018.jpg,2015-04-17,1,0.7812946325731398,0.6410857402086799,0.8717869627801769,0.7078220218716087
IR_2015-04-17_0019.jpg,2015-04-17,1,0.791785615618381,0.6553353658536586,0.8828421809220659,0.717756073127974
IR_2015-04-17_0020.jpg,2015-04-17,1,0.7873560581731431,0.6492887409200968,0.8740069260541862,0.7163369229484932
IR_2015-04-17_0021.jpg,2015-04-17,1,0.7875908073285512,0.649608079589991,0.8699031085991118,0.7195091409967443
IR_2015-04-17_0022.jpg,2015-04-17,1,0.7729754743174456,0.6299592698747926,0.8671996677395909,0.6972201352366642
IR_2015-04-17_0023.jpg,2015-04-17,1,0.7839678259677345,0.6446933253156946,0.8661886487578268,0.7160030052592036
IR_2015-04-17_0024.jpg,2015-04-17,1,0.7828610919143054,0.6431978196684079,0.8735348550277606,0.7092411720510894
IR_2015-04-17_0025.jpg,2015-04-17,1,0.7816239512172757,0.6415293143674268,0.8669650122050447,0.7115785958761165
IR_2015-04-17_0026.jpg,2015-04-17,1,0.780255941499086,0.6396882494004796,0.8621351378648622,0.7125803489439853
IR_2015-04-24_0049.jpg,2015-04-24,1,0.7235427022141889,0.5668365902010761,0.8825928784037042,0.6130637874262961
IR_2015-04-24_0050.jpg,2015-04-24,1,0.7068942225424416,0.5466638807633375,0.8580017490161784,0.6010414273680986
IR_2015-04-24_0051.jpg,2015-04-24,1,0.7084152224405932,0.5484852676718771,0.8500375174188016,0.6072440462516272
IR_2015-04-24_0052.jpg,2015-04-24,1,0.7084099573895493,0.5484789554104736,0.8550238198354266,0.6047170533731526
IR_2015-04-24_0053.jpg,2015-04-24,1,0.7115367323082457,0.5522367227301277,0.8617009691821844,0.6059422620415039
IR_2015-04-24_0054.jpg,2015-04-24,1,0.7232757472132166,0.5665089745373592,0.8609642630577289,0.6235546366490543
IR_2015-04-24_0055.jpg,2015-04-24,1,0.7162585484226781,0.5579461094308495,0.8449927128877784,0.6215636725629834
IR_2015-04-24_0056.jpg,2015-04-24,1,0.7256040789182,0.5693709991650432,0.8617312552653749,0.6266176583199327
IR_2015-04-24_0057.jpg,2015-04-24,1,0.707707483298211,0.5476372215668587,0.8537429684119429,0.6043341756642928
IR_2015-04-24_0058.jpg,2015-04-24,1,0.7053964263266589,0.5448744624774587,0.8525230602278893,0.6015774561605023
IR_2015-04-24_0059.jpg,2015-04-24,1,0.6900981266726137,0.5268319259057478,0.8264074351030872,0.5923883911478673
IR_2015-04-24_0060.jpg,2015-04-24,1,0.6913965087281796,0.5283468318246785,0.8261147174630201,0.5944559307757102
IR_2015-04-24_0061.jpg,2015-04-24,1,0.6894365568354317,0.5260611841657015,0.8267480458293179,0.591239758021288
IR_2015-04-24_0062.jpg,2015-04-24,1,0.6865019181015256,0.5226516334986077,0.8222032268404744,0.5892487939352171
IR_2015-04-24_0063.jpg,2015-04-24,1,0.6842316795427142,0.5200244366005974,0.8207628026569531,0.5866452255149706
IR_2015-04-24_0064.jpg,2015-04-24,1,0.6851910041747094,0.5211334926596108,0.827945324365372,0.5844245348035837
IR_2015-04-24_0065.jpg,2015-04-24,1,0.6970194998445343,0.5349423876730074,0.8299132642267824,0.6008117007427828
IR_2015-04-24_0066.jpg,2015-04-24,1,0.6986685665939351,0.5368874897344649,0.8347520749095553,0.6007351252010108
IR_2015-04-24_0067.jpg,2015-04-24,1,0.6859994604801727,0.5220693902689386,0.8307742567788304,0.5841948081782679
IR_2015-04-24_0068.jpg,2015-04-24,1,0.6916801147570378,0.528678133351607,0.8341442318088442,0.5907803047706562
IR_2015-04-24_0152.jpg,2015-04-24,1,0.6807749844930128,0.5160415975218497,0.9147872131790548,0.5421000639200418
IR_2015-04-24_0153.jpg,2015-04-24,1,0.6641934897254046,0.4972228272707471,0.8877114524596539,0.5305944563890987
IR_2015-04-24_0154.jpg,2015-04-24,1,0.7273698977887635,0.5715485564304462,0.8553696284075732,0.6326921959439828
IR_2015-04-24_0155.jpg,2015-04-24,1,0.6700436681222708,0.5038087733123194,0.8400490539593553,0.5572665465744668
IR_2015-04-24_0156.jpg,2015-04-24,1,0.7546109605341442,0.6059238813100483,0.875047911077041,0.6633157068975536
IR_2015-04-24_0157.jpg,2015-04-24,1,0.7416196589509174,0.5893446001648804,0.8387475251154947,0.6646522168632693
IR_2015-04-24_0158.jpg,2015-04-24,1,0.740493835150966,0.5879239465570401,0.8355974291557113,0.6648265442501017
IR_2015-04-24_0159.jpg,2015-04-24,1,0.7276282646162004,0.5718676738734045,0.8467947234436473,0.6378639084200128
IR_2015-04-24_0160.jpg,2015-04-24,1,0.7367595135347195,0.5832298136645963,0.8422154122131699,0.6547736649427625
IR_2015-04-24_0161.jpg,2015-04-24,1,0.7474986057802709,0.5968046097433211,0.8582944101250565,0.6620373060607821
IR_2015-04-24_0162.jpg,2015-04-24,1,0.7351760745727602,0.5812477608884794,0.8297654708847811,0.6599453774187924
IR_2015-04-24_0163.jpg,2015-04-24,1,0.725477642618863,0.5692153130287648,0.8634103304459416,0.6255447730838515
IR_2015-04-24_0164.jpg,2015-04-24,1,0.7418844022169437,0.5896790434235368,0.8581240937189957,0.6533790458481027
IR_2015-04-24_0165.jpg,2015-04-24,1,0.7356737052970346,0.5818701298701299,0.8458692040477269,0.650880353303504
IR_2015-04-24_0166.jpg,2015-04-24,1,0.7303524390650529,0.5752402962340459,0.856829917070881,0.6364111801964089
IR_2015-04-24_0167.jpg,2015-04-24,1,0.7145960760720612,0.5559311456654012,0.8410700236034618,0.6211865884130396
IR_2015-04-24_0168.jpg,2015-04-24,1,0.7421725028132654,0.5900431533522787,0.8621299500192233,0.6515195537218897
IR_2015-04-24_0169.jpg,2015-04-24,1,0.7472988016501866,0.596549921589127,0.8559213980349508,0.6631413795107212
IR_2015-04-24_0170.jpg,2015-04-24,1,0.734809200904135,0.5807892386106879,0.8584854368932039,0.6422802022197688
IR_2015-04-24_0171.jpg,2015-04-24,1,0.7299145858559414,0.5746972429786138,0.8354809709319748,0.6480330059852403
IR_2015-05-22_0059.jpg,2015-05-22,1,0.5654571098858828,0.3941723274937433,0.656575682382134,0.4965470650052545
IR_2015-05-22_0060.jpg,2015-05-22,1,0.7798509070539061,0.6391439468851533,0.9154274152756702,0.6792523645098334
IR_2015-05-22_0061.jpg,2015-05-22,1,0.7900688716945838,0.652986647926915,0.9109803921568628,0.6974928689385979
IR_2015-05-22_0062.jpg,2015-05-22,1,0.7875465718812898,0.6495478948855609,0.9168411606341609,0.6902116799279387
IR_2015-05-22_0063.jpg,2015-05-22,1,0.7780316420226754,0.6367035913356381,0.9138227848101266,0.6773757694039934
IR_2015-05-22_0064.jpg,2015-05-22,1,0.7853896939037983,0.6466186644077369,0.9156337465013994,0.6875844467797628
IR_2015-05-22_0065.jpg,2015-05-22,1,0.7758223612740625,0.633749822518813,0.9211639665669178,0.6700945803933344
IR_2015-05-22_0066.jpg,2015-05-22,1,0.7778643129110419,0.6364795015223395,0.9181818181818182,0.6747485362558174
IR_2015-05-22_0067.jpg,2015-05-22,1,0.7807226825142064,0.6403159242920166,0.9247764875141301,0.6754991742981534
IR_2015-05-22_0068.jpg,2015-05-22,1,0.7537683986522433,0.6048381358946994,0.920619449859216,0.6381173997898213
IR_2015-05-22_0069.jpg,2015-05-22,1,0.7287270098061367,0.5732262192520973,0.9155217440672193,0.6052394535355052
IR_2015-05-22_0070.jpg,2015-05-22,1,0.6855665343060301,0.5215680764367009,0.8905950095969289,0.5572736826302357
IR_2015-05-22_0071.jpg,2015-05-22,1,0.7128606575710132,0.553833321748801,0.8820989704417137,0.5981083921333133
IR_2015-05-22_0072.jpg,2015-05-22,1,0.6994496075069927,0.537810462050784,0.8765264586160109,0.581894610418856
IR_2015-05-22_0073.jpg,2015-05-22,1,0.6866229269181702,0.5227919239575384,0.8735219105031301,0.5656057649001651
IR_2015-05-22_0074.jpg,2015-05-22,1,0.6469485328583482,0.4781403727568766,0.8613330004992511,0.5180153130160636
IR_2015-05-22_0075.jpg,2015-05-22,1,0.610845063609539,0.4397242147781879,0.8589307577200381,0.4739528599309413
IR_2015-05-22_0076.jpg,2015-05-22,1,0.6405171997877165,0.4711477038824615,0.8964213369345038,0.49827353250262724
IR_2015-05-22_0077.jpg,2015-05-22,1,0.7195988299206018,0.5620104438642297,0.9432744978697505,0.5816694190061552
IR_2015-05-22_0078.jpg,2015-05-22,1,0.6341005630741875,0.4642366384609821,0.9270652801848642,0.48183455937546915
IR_2015-05-22_0093.jpg,2015-05-22,1,0.8226894865525672,0.698787173949161,0.9410448596039825,0.7307792546260099
IR_2015-05-22_0094.jpg,2015-05-22,1,0.8283413221732889,0.7069817668314159,0.9416385462189523,0.7393797237425072
IR_2015-05-22_0095.jpg,2015-05-22,1,0.824069775964428,0.7007811850743788,0.9417052878441007,0.7325601598471028
IR_2015-05-22_0096.jpg,2015-05-22,1,0.8038959151039395,0.6720952843947496,0.9089414858645628,0.7206150638519677
IR_2015-05-22_0097.jpg,2015-05-22,1,0.7955336074147955,0.6604863467442236,0.9041194359966823,0.7102336895143776
IR_2015-05-22_0098.jpg,2015-05-22,1,0.8053956483559371,0.6741944705353862,0.9184933793256926,0.7170966901224916
IR_2015-05-22_0099.jpg,2015-05-22,1,0.7904159176537221,0.6534609120521173,0.9125490419059532,0.6971158022760837
IR_2015-05-22_0100.jpg,2015-05-22,1,0.7850967374340426,0.6462216059703927,0.9135773998270394,0.6882981495960385
IR_2015-05-22_0101.jpg,2015-05-22,1,0.7655148617341154,0.6201086088484268,0.884799453053783,0.6745721483798106
IR_2015-05-22_0102.jpg,2015-05-22,1,0.767251404112131,0.6223908156711625,0.8913480885311871,0.673486230562071
IR_2015-05-22_0103.jpg,2015-05-22,1,0.8190067323641331,0.6934897554527429,0.934015800600868,0.729215532968465
IR_2015-05-22_0104.jpg,2015-05-22,1,0.8146456425083214,0.6872591620890383,0.9243535314550366,0.7282164885761445
IR_2015-05-22_0105.jpg,2015-05-22,1,0.8023774866569626,0.6699752866345258,0.9087262336520496,0.7183129180783598
IR_2015-05-22_0106.jpg,2015-05-22,1,0.7935986869101355,0.6578231292517007,0.8930841527679687,0.7140561202328208
IR_2015-05-22_0107.jpg,2015-05-22,1,0.8219250949007472,0.6976849191363599,0.9269237061678574,0.7382938059247676
IR_2015-05-22_0108.jpg,2015-05-22,1,0.815745271306507,0.6888258510113469,0.9278949991692972,0.7277821214490487
IR_2015-05-22_0109.jpg,2015-05-22,1,0.8281507313765378,0.7067041415226916,0.9358511220580186,0.7426809139084354
IR_2015-05-22_0110.jpg,2015-05-22,1,0.8034817379431414,0.6715164853079023,0.9157959092930191,0.7157067153157849
IR_2015-05-22_0111.jpg,2015-05-22,1,0.8105409289071823,0.6814365862647938,0.9225480955813051,0.7227868994874468
IR_2015-05-22_0112.jpg,2015-05-22,1,0.7847012897168553,0.6456859396600797,0.9099243639697456,0.6897749978281643
R198-10.txt.jpg,198,1,0.8114209272187618,0.6826814856499719,0.8918397353427678,0.7443055449037503
R198-11.txt.jpg,198,1,0.8105148779672351,0.6813997610849554,0.8905317292680687,0.743692000920316
R198-12.txt.jpg,198,1,0.8058561959895965,0.6748401601911052,0.8894342068710066,0.7366362451108214
R198-13.txt.jpg,198,1,0.808758268441765,0.6789203626906586,0.8904766294828063,0.7407776669990029
R198-14.txt.jpg,198,1,0.8101159820793032,0.680836089802238,0.8921062338620436,0.7419280619679424
R198-15.txt.jpg,198,1,0.80976141557298,0.6803353765940957,0.8932469935245143,0.7405475880052151
R198-16.txt.jpg,198,1,0.8117130307467058,0.6830951207491375,0.8928768636112645,0.7440754659099624
R198-17.txt.jpg,198,1,0.8020077610933019,0.6694598971903387,0.8910863248664355,0.7291203313137511
R198-18.txt.jpg,198,1,0.8084892207029611,0.6785412559842298,0.8921595853003795,0.7391671140424879
R198-19.txt.jpg,198,1,0.8059350174435711,0.6749507181075753,0.8916480654761905,0.7352557711480942
R198-2.txt.jpg,198,1,0.8091942452078352,0.6795350475519549,0.8929827809664876,0.7397806580259222
R198-20.txt.jpg,198,1,0.8063810085023992,0.6755765568798928,0.8936467954100196,0.7346422271646599
R198-3.txt.jpg,198,1,0.8055999327335407,0.6744808166138684,0.8915046059365405,0.7347956131605184
R198-4.txt.jpg,198,1,0.8083714297697437,0.6783753343657609,0.8919844502036283,0.7390904210445586
R198-5.txt.jpg,198,1,0.8091385453783274,0.6794564911292593,0.8922892011834319,0.7401641230155687
R198-6.txt.jpg,198,1,0.8112244897959183,0.6824034334763949,0.8920261197461602,0.7438453869161745
R198-7.txt.jpg,198,1,0.8075211953328297,0.6771786569055329,0.8918142208213591,0.7377866400797607
R198-8.txt.jpg,198,1,0.8086156419907988,0.678719370919048,0.8892466194462331,0.7413912109824373
R198-9.txt.jpg,198,1,0.810021750041827,0.6807029876977153,0.8908823258809458,0.742618298949306
R241-1.txt.jpg,241,1,0.6773610309674938,0.5121284392996335,0.7868442220037537,0.5946238011616912
R241-10.txt.jpg,241,1,0.6773294090310588,0.5120922878725771,0.7938453159041394,0.5906389301634473
R241-12.txt.jpg,241,1,0.6874759448849204,0.5237815963873087,0.7991231209735147,0.6032014048358774
R241-13.txt.jpg,241,1,0.6885825108491109,0.5250673538713834,0.7980948989584261,0.6054977711738484
R241-14.txt.jpg,241,1,0.6808100289296046,0.5160818713450293,0.7936864825973559,0.5960421450763204
R241-15.txt.jpg,241,1,0.6937791720866172,0.531134672836975,0.8001235439463467,0.6123868701877617
R241-16.txt.jpg,241,1,0.7484223964982674,0.5979832128701329,0.8136251883575224,0.6928947723895718
R241-17.txt.jpg,241,1,0.6821562054483105,0.5176305479211742,0.7941150085224724,0.5978657301094151
R241-18.txt.jpg,241,1,0.6793312483107455,0.5143842825400537,0.7930226268818173,0.5941510198568148
R241-19.txt.jpg,241,1,0.6875191894381333,0.5238318030294169,0.7961777777777778,0.6049574496825612
R241-2.txt.jpg,241,1,0.6876817138485081,0.5240205223880597,0.7930121757543674,0.6070511954612995
R241-20.txt.jpg,241,1,0.68727969348659,0.5235537913723659,0.794138480609173,0.6057679319194921
R241-3.txt.jpg,241,1,0.6805336614248914,0.5157643219301824,0.7899669731321968,0.5977306497365933
R241-4.txt.jpg,241,1,0.6800461361014994,0.5152044739601538,0.7893609425205284,0.5973254086181278
R241-5.txt.jpg,241,1,0.6892970331055023,0.5258987356522753,0.792936835632083,0.6096177225449142
R241-6.txt.jpg,241,1,0.6842652095278409,0.52006317267197,0.7951882658080672,0.6004997973794408
R241-7.txt.jpg,241,1,0.6849514749319114,0.5208564261128289,0.7926840095889195,0.6029987842766446
R241-8.txt.jpg,241,1,0.6876197776926025,0.5239485981308412,0.7949308755760369,0.605835472105903
R241-9.txt.jpg,241,1,0.6745672127338213,0.5089410939691444,0.7906491148433954,0.5882074834526543
R245-10.txt.jpg,245,1,0.7051850324708793,0.5446222434519544,0.8160563044256233,0.620836736545966
R245-11.txt.jpg,245,1,0.7014871236851651,0.5402234636871508,0.817512077294686,0.6143025682911335
R245-12.txt.jpg,245,1,0.70197579393814,0.5408033152693656,0.8161154539987974,0.6158453580179689
R245-13.txt.jpg,245,1,0.6990683229813665,0.5373597517307234,0.8135164438019515,0.6128505309011707
R245-14.txt.jpg,245,1,0.6904849087199875,0.5272828952624431,0.8150160533465053,0.5989654233596515
R245-15.txt.jpg,245,1,0.6960809758629639,0.5338375796178344,0.8131215134610721,0.6084944187312823
R245-16.txt.jpg,245,1,0.6875130944898387,0.5238247266342086,0.8129567694785086,0.5956075868953625
R245-17.txt.jpg,245,1,0.6883205188555886,0.5247627402504187,0.8123456790123457,0.597150376622198
R245-18.txt.jpg,245,1,0.6917418749021859,0.5287502990669113,0.8134969325153374,0.6016879934658318
R245-19.txt.jpg,245,1,0.6924077639589946,0.5295288124801019,0.8115393998536229,0.6037752972139032
R245-2.txt.jpg,245,1,0.693935119887165,0.531317494600432,0.8175775480059084,0.6027770215083038
R245-20.txt.jpg,245,1,0.6938563179524528,0.5312251075354468,0.8128961482203803,0.605227334603866
R245-3.txt.jpg,245,1,0.6991836097966825,0.5374960025583626,0.8186799805163176,0.6101279607949904
R245-4.txt.jpg,245,1,0.7004665629860031,0.5390138822403063,0.8168298875589409,0.6131227879117888
R245-5.txt.jpg,245,1,0.6934405682055567,0.5307378687345111,0.8167056218477058,0.6025047644976859
R245-6.txt.jpg,245,1,0.7048426275259704,0.5442138866719872,0.8186074429771909,0.6188401851347672
R245-7.txt.jpg,245,1,0.6976647638816814,0.5357029008606949,0.8146891285904739,0.6100372084581178
R245-8.txt.jpg,245,1,0.7034489890894048,0.5425540400414772,0.817548076923077,0.6172973954079317
R245-9.txt.jpg,245,1,0.6954533645102624,0.5330996574524018,0.8135181132992949,0.6073146383519376
R251-10.txt.jpg,251,1,0.7362737296805729,0.5826212107582981,0.8610741823982984,0.6430698967434472
R251-11.txt.jpg,251,1,0.7267753334093241,0.5708146821844226,0.8530907144768531,0.6330420969023034
R251-12.txt.jpg,251,1,0.7381113364886185,0.584925879621361,0.8533090151120375,0.6503177124702144
R251-13.txt.jpg,251,1,0.7216659991990388,0.5645363408521303,0.8514918320507628,0.6261914217633042
R251-14.txt.jpg,251,1,0.7344184200079397,0.5803011292346298,0.8563682052638539,0.6428713264495631
R251-15.txt.jpg,251,1,0.7366030881017257,0.5830337886412653,0.8600212089077413,0.6441620333598094
R251-16.txt.jpg,251,1,0.7415184871577759,0.589216829640262,0.8593484233939552,0.6521048451151708
R251-17.txt.jpg,251,1,0.7257142857142858,0.5695067264573991,0.8548734518039849,0.6304606830818109
R251-18.txt.jpg,251,1,0.7196821375100771,0.5621120805972835,0.8567315601864546,0.6204328832406671
R251-19.txt.jpg,251,1,0.7370987864352955,0.5836551414458914,0.8594287225601692,0.6452541699761716
R251-2.txt.jpg,251,1,0.7296564195298373,0.5743772241992883,0.8467995802728226,0.6409849086576648
R251-20.txt.jpg,251,1,0.7202212873854665,0.5627701729106628,0.8582612278533168,0.6204328832406671
R251-3.txt.jpg,251,1,0.7262798634812286,0.5702036441586281,0.850293020777837,0.6338363780778395
R251-4.txt.jpg,251,1,0.7176148046607266,0.5595938001068947,0.8448090371167294,0.6237092930897538
R251-5.txt.jpg,251,1,0.7210667274488575,0.5638032436285867,0.8461949979938478,0.6281771247021446
R251-6.txt.jpg,251,1,0.7244990892531876,0.5680114244912531,0.8489861259338314,0.6318506751389992
R251-7.txt.jpg,251,1,0.721750527095561,0.5646398002853067,0.8469974588738799,0.6287728355837967
R251-8.txt.jpg,251,1,0.7239340534394543,0.5673171166354807,0.8469007714817771,0.6321485305798252
R251-9.txt.jpg,251,1,0.7230620044492613,0.5662467613687125,0.8497117576082585,0.6292692613185068
R257-10.txt.jpg,257,1,0.7551706308169597,0.6066458982346833,0.794974144969609,0.7191629052113254
R257-11.txt.jpg,257,1,0.7557698932139166,0.6074197120708749,0.7949995470604221,0.7202297907263028
R257-12.txt.jpg,257,1,0.7644413993919411,0.6187010466486449,0.7992478510028653,0.7325400082068116
R257-13.txt.jpg,257,1,0.7605682159563967,0.6136426592797783,0.7971392587261605,0.7272055806319245
R257-14.txt.jpg,257,1,0.7637440453199433,0.6177879608414913,0.8004677941705649,0.7302421009437834
R257-15.txt.jpg,257,1,0.75453446191052,0.6058252427184466,0.7962811047306535,0.7169470660648338
R257-16.txt.jpg,257,1,0.7666780122532335,0.6216365392576239,0.7960067143740613,0.7394337299958966
R257-17.txt.jpg,257,1,0.7580159889968194,0.6103266888150609,0.7957765544625937,0.7236766516208453
R257-18.txt.jpg,257,1,0.7631072116413439,0.6169550173010381,0.7974060822898033,0.7316372589249077
R257-19.txt.jpg,257,1,0.7712863282413515,0.6277185205707162,0.8009013785790032,0.743783340172343
R257-2.txt.jpg,257,1,0.7513574075670085,0.6017393705135284,0.7910352962526087,0.7154698399671727
R257-20.txt.jpg,257,1,0.7663887107119949,0.6212562396006656,0.8000892857142857,0.7354123922855971
R257-3.txt.jpg,257,1,0.7535235476108628,0.604522890237176,0.7908361143681789,0.719573245794009
R257-4.txt.jpg,257,1,0.756643056449882,0.60854854301892,0.7932493249324932,0.7232663110381616
R257-5.txt.jpg,257,1,0.7548634775482034,0.606249566964595,0.795599199854519,0.718096019696348
R257-6.txt.jpg,257,1,0.7499783718314733,0.5999723164232819,0.7929205158693863,0.7114485022568732
R257-7.txt.jpg,257,1,0.7598888176181313,0.6127586206896551,0.7933035714285714,0.7291752154288059
R257-8.txt.jpg,257,1,0.7647761194029851,0.6191396810053166,0.7960053262316911,0.7359048009848174
R257-9.txt.jpg,257,1,0.7614556989155129,0.6147989201910431,0.7970208183776023,0.7289290110791957
R259-10.txt.jpg,259,1,0.85643679497616,0.7489195098388163,0.9318023660403618,0.7923503147022433
R259-11.txt.jpg,259,1,0.8599942146369685,0.7543770616594773,0.9301670733996621,0.7996664694173974
R259-12.txt.jpg,259,1,0.8622740659467575,0.7578925997360674,0.9306325958242443,0.8032707515197159
R259-13.txt.jpg,259,1,0.8555603885747426,0.7475801956114123,0.9280322093608455,0.7935876055731884
R259-14.txt.jpg,259,1,0.8493861721050944,0.7382026458512849,0.9274070300560366,0.7834740975845931
R259-15.txt.jpg,259,1,0.8458949217034978,0.732944458534111,0.9277092963533642,0.7773414384851256
R259-16.txt.jpg,259,1,0.8549374655407562,0.7466294982260517,0.9281123991935484,0.7924579052127603
R259-17.txt.jpg,259,1,0.8476140412359091,0.7355296502787633,0.9271066249281288,0.7806767443111517
R259-18.txt.jpg,259,1,0.8484548104956269,0.7367967998379665,0.9261663802431418,0.7827747592662327
R259-19.txt.jpg,259,1,0.8479906814210832,0.7360970677451971,0.9243857532855057,0.7832589165635591
R259-2.txt.jpg,259,1,0.8560502911440077,0.748328606158833,0.9274952919020716,0.7948248964441337
R259-20.txt.jpg,259,1,0.8438324055083504,0.7298530157121136,0.9265813010745769,0.7746516757222013
R259-3.txt.jpg,259,1,0.8606375306505121,0.7553676321652826,0.9279049514804678,0.8024638226908387
R259-4.txt.jpg,259,1,0.8721671791367726,0.7733124652900489,0.9263380707589961,0.8239819247942332
R259-5.txt.jpg,259,1,0.8698816585002436,0.7697261663286004,0.9306560392397303,0.816558179568562
R259-6.txt.jpg,259,1,0.8678141135972461,0.7664943751900274,0.9296294020035646,0.8137070310398623
R259-7.txt.jpg,259,1,0.8618379252584762,0.7572189799543263,0.9304109247365467,0.8026790037118726
R259-8.txt.jpg,259,1,0.8642238892094634,0.7609104303205813,0.9319270736108518,0.8056915380063479
R259-9.txt.jpg,259,1,0.8586560166695607,0.7523200973680207,0.9292201691199499,0.7980526117596428
R261-10.txt.jpg,261,1,0.7657954634644063,0.6204769475357711,0.8481397774687065,0.6980254685935041
R261-11.txt.jpg,261,1,0.769483696715857,0.6253340119608093,0.8495980637911661,0.7031764200887108
R261-12.txt.jpg,261,1,0.774392144638404,0.6318433267628918,0.8503337326715729,0.710902847331521
R261-13.txt.jpg,261,1,0.7717259932161098,0.6283011681056374,0.8479993145403136,0.7080412076119617
R261-14.txt.jpg,261,1,0.7733374839487918,0.630440299454384,0.8477945567784319,0.710902847331521
R261-15.txt.jpg,261,1,0.7655772395955796,0.6201904761904762,0.8464471403812825,0.6988124195163828
R261-16.txt.jpg,261,1,0.7642921692664335,0.6185055643879174,0.8477294517562974,0.6958076978108456
R261-17.txt.jpg,261,1,0.7657569212644807,0.6204263442570792,0.8487855837033168,0.6975246816425812
R261-18.txt.jpg,261,1,0.778721918286579,0.6376286694624476,0.850784230606189,0.7179138646444413
R261-19.txt.jpg,261,1,0.7685134393856281,0.6240534521158129,0.8495322245322245,0.7016025182429532
R261-2.txt.jpg,261,1,0.7631485779473663,0.6170090961134788,0.847679804247138,0.693947631993132
R261-20.txt.jpg,261,1,0.7742337986430633,0.631632523221784,0.8508741858073363,0.7102589783946202
R261-3.txt.jpg,261,1,0.7561466514069222,0.6079065930579352,0.8432356306663146,0.6853627128344542
R261-4.txt.jpg,261,1,0.7662388480200344,0.6210593085949889,0.8456555536362066,0.7004578623551295
R261-5.txt.jpg,261,1,0.7654001490020782,0.6199580766054754,0.8468546637744034,0.698240091572471
R261-6.txt.jpg,261,1,0.7671564795998124,0.6222658974196411,0.8453919035314384,0.7021748461868651
R261-7.txt.jpg,261,1,0.7582859848484849,0.6106768350810295,0.8454161534400845,0.6874374016311346
R261-8.txt.jpg,261,1,0.7664351034185015,0.6213172128539611,0.848969654812625,0.6985262555444269
R261-9.txt.jpg,261,1,0.7610786942122694,0.6143075356415478,0.8477077112243105,0.6905136643296609
R263-10.txt.jpg,263,1,0.8384704856062809,0.7218675679058706,0.867218045112782,0.8115676892766676
R263-11.txt.jpg,263,1,0.8396846732299197,0.7236693800876643,0.8679684566278633,0.8131860399662257
R263-12.txt.jpg,263,1,0.8372686197347325,0.7200877467878408,0.8682738814993954,0.8084013509710104
R263-13.txt.jpg,263,1,0.8363861928044953,0.7187833176544371,0.868652417765651,0.806431184914157
R263-14.txt.jpg,263,1,0.8380806868201827,0.72128991859737,0.8675905701589215,0.8105122431747819
R263-15.txt.jpg,263,1,0.8389744334689134,0.7226149515170472,0.8669318522966076,0.8127638615254714
R263-16.txt.jpg,263,1,0.8349132273589033,0.7166103392164226,0.8663740920096852,0.8056571911061076
R263-17.txt.jpg,263,1,0.8365618753407232,0.719042858927902,0.8651432007817785,0.8098086124401914
R263-18.txt.jpg,263,1,0.8367621891271894,0.7193388843673699,0.8671043694815486,0.8084717140444695
R263-19.txt.jpg,263,1,0.8361174800742439,0.7183864915572232,0.8659630606860158,0.8082606248240923
R263-2.txt.jpg,263,1,0.8431814874108572,0.7288796628294647,0.8730409885473177,0.8152969321699972
R263-20.txt.jpg,263,1,0.837862484041583,0.7209667294413057,0.8698780580171174,0.8081198986771743
R263-3.txt.jpg,263,1,0.8418486171761281,0.72688996418023,0.8717968043412723,0.8138896707008162
R263-4.txt.jpg,263,1,0.8414926893140322,0.7263594122818033,0.8709531697033579,0.8139600337742753
R263-5.txt.jpg,263,1,0.8408561444379732,0.7254113804798392,0.8710407239819005,0.8126934984520123
R263-6.txt.jpg,263,1,0.8427362226177935,0.7282144650929181,0.8711227938415321,0.8161412890515057
R263-7.txt.jpg,263,1,0.8391751074837863,0.7229127432517263,0.8701828623243162,0.8103011539544047
R263-8.txt.jpg,263,1,0.8416427611750609,0.7265830721003135,0.8695880543258048,0.8154376583169153
R263-9.txt.jpg,263,1,0.8381450412172713,0.7213852597362005,0.8660412757973733,0.8119898677174219
R72-10.txt.jpg,72,1,0.8068897220060833,0.6762909823916523,0.9010268562401264,0.7305623158703728
R72-11.txt.jpg,72,1,0.8022731308826141,0.6698297847102782,0.9005661430507934,0.7233252209555527
R72-12.txt.jpg,72,1,0.7994875080076874,0.6659551760939167,0.899711630887536,0.719354425515563
R72-13.txt.jpg,72,1,0.7989312433202708,0.665183603250875,0.900208734746307,0.7181375688484694
R72-14.txt.jpg,72,1,0.7974895695895589,0.6631872368186941,0.8996701263174833,0.7161521711284744
R72-15.txt.jpg,72,1,0.8022586831451097,0.6698096424123822,0.9004304846938775,0.7233892660432945
R72-16.txt.jpg,72,1,0.8000142566917346,0.666686467862659,0.9019529052479306,0.7187780197258871
R72-17.txt.jpg,72,1,0.7980899436961015,0.6640180265654649,0.899582262210797,0.7171768925323427
R72-18.txt.jpg,72,1,0.7968298168576631,0.6622752358910451,0.9002177946277325,0.7147431791981556
R72-19.txt.jpg,72,1,0.7986885713267524,0.6648472263423316,0.9002972603840282,0.7176892532342769
R72-2.txt.jpg,72,1,0.8115819804624359,0.682909520993495,0.8990968545624416,0.7395926732419623
R72-20.txt.jpg,72,1,0.7984861468151957,0.6645667419469868,0.9022107471357108,0.7161521711284744
R72-3.txt.jpg,72,1,0.807109289424402,0.6765995260663508,0.9002128162686214,0.7314589470987575
R72-4.txt.jpg,72,1,0.8021814576103123,0.6697019867549668,0.8971799746514575,0.7253746637632894
R72-5.txt.jpg,72,1,0.8021872669815006,0.6697100847809332,0.9001514064865727,0.7234533111310363
R72-6.txt.jpg,72,1,0.8061960673362569,0.6753169806849153,0.9001737482230295,0.7299859100806968
R72-7.txt.jpg,72,1,0.8044055671636505,0.6728080568720379,0.8997068842588924,0.7273600614832842
R72-8.txt.jpg,72,1,0.8051810170931096,0.6738937266749601,0.8997864430910385,0.7285769181503778
R72-9.txt.jpg,72,1,0.8059975953037697,0.6750385025470915,0.8998736576121289,0.7298578199052133
RTFRON_V185_27-8-2013_1.txt.jpg,185,1,0.6158626812666469,0.4449433397477015,0.9084361017134126,0.4658346857686496
RTFRON_V185_27-8-2013_10.txt.jpg,185,1,0.6395047509357904,0.47005291005291006,0.8960161371659102,0.49717387654597345
RTFRON_V185_27-8-2013_11.txt.jpg,185,1,0.6131005010315355,0.44206555809382136,0.8971428571428571,0.46566679724662824
RTFRON_V185_27-8-2013_12.txt.jpg,185,1,0.6302929234338747,0.4601662167169552,0.8948018528049408,0.4864849739772791
RTFRON_V185_27-8-2013_13.txt.jpg,185,1,0.6134271990613427,0.4424053310767929,0.8895150999574649,0.4681291622362751
RTFRON_V185_27-8-2013_14.txt.jpg,185,1,0.600081805674339,0.42865490862728434,0.8941710992907801,0.45156416139683253
RTFRON_V185_27-8-2013_15.txt.jpg,185,1,0.6188836800468795,0.4481039512065765,0.8954954954954955,0.47283004085287367
RTFRON_V185_27-8-2013_16.txt.jpg,185,1,0.613713359846811,0.44270307602401315,0.8972757618175945,0.46633835133471374
RTFRON_V185_27-8-2013_17.txt.jpg,185,1,0.6011238045621999,0.4297190891679081,0.8970457574411372,0.45201186412222283
RTFRON_V185_27-8-2013_18.txt.jpg,185,1,0.62581609950031,0.45540927911667906,0.8985127775450356,0.48010521014046675
RTFRON_V185_27-8-2013_19.txt.jpg,185,1,0.5522365078143044,0.38144110608880616,0.8845726970033296,0.4014214561531143
RTFRON_V185_27-8-2013_2.txt.jpg,185,1,0.6318781429924932,0.46185808651182614,0.9056722030711376,0.48519782864178185
RTFRON_V185_27-8-2013_3.txt.jpg,185,1,0.6306404657933042,0.460536805740101,0.9015711164290917,0.48491801443841287
RTFRON_V185_27-8-2013_4.txt.jpg,185,1,0.6221211676690627,0.4515064409666773,0.9024364294073838,0.47467681459510885
RTFRON_V185_27-8-2013_5.txt.jpg,185,1,0.6019518736497057,0.43056591708408826,0.9000779770524674,0.4521797526442442
RTFRON_V185_27-8-2013_6.txt.jpg,185,1,0.6139140062742203,0.4429119182021515,0.9014740949490571,0.4654429458839331
RTFRON_V185_27-8-2013_7.txt.jpg,185,1,0.6375754072896723,0.4679711528263867,0.8992255960872223,0.4938720689462197
RTFRON_V185_27-8-2013_8.txt.jpg,185,1,0.6331691059266773,0.4632388020143122,0.89768875192604,0.48905926464827354
RTFRON_V185_27-8-2013_9.txt.jpg,185,1,0.602203182374541,0.4308231173380035,0.8928728552573691,0.45430634058984837
RTFRON_V186_27-8-2013_1.txt.jpg,186,1,0.7929629848279119,0.6569500146727967,0.9071385155669616,0.7043154527817105
RTFRON_V186_27-8-2013_10.txt.jpg,186,1,0.7957262933585888,0.6607520275251905,0.9134334443160971,0.7048922447695454
RTFRON_V186_27-8-2013_11.txt.jpg,186,1,0.7908123848576692,0.6540030471322553,0.9125008571624494,0.6977609983744953
RTFRON_V186_27-8-2013_12.txt.jpg,186,1,0.7900065511285808,0.6529015110498597,0.9141341051616015,0.6955587016936711
RTFRON_V186_27-8-2013_13.txt.jpg,186,1,0.7938609511369709,0.658183608171302,0.9148819705781731,0.7011168790309895
RTFRON_V186_27-8-2013_14.txt.jpg,186,1,0.795700834961805,0.6607169198996902,0.9138951234441951,0.7045776309579991
RTFRON_V186_27-8-2013_15.txt.jpg,186,1,0.78630128798972,0.6478554193135372,0.9141189549749861,0.6898432174505794
RTFRON_V186_27-8-2013_16.txt.jpg,186,1,0.7860726230291448,0.6475450162353635,0.9129499895956162,0.6901578312621257
RTFRON_V186_27-8-2013_17.txt.jpg,186,1,0.7841024720177171,0.6448754553509894,0.9133375165586,0.686906821876147
RTFRON_V186_27-8-2013_18.txt.jpg,186,1,0.7875734176083002,0.6495844194167117,0.9127850725639254,0.6925698704839809
RTFRON_V186_27-8-2013_19.txt.jpg,186,1,0.7857014764779724,0.6470414492468248,0.913602557864739,0.6892139898274867
RTFRON_V186_27-8-2013_2.txt.jpg,186,1,0.7933297853468156,0.6574536900911496,0.9094976611755136,0.7034764826175869
RTFRON_V186_27-8-2013_3.txt.jpg,186,1,0.7984105960264901,0.6644620811287478,0.910024154589372,0.7111845210004719
RTFRON_V186_27-8-2013_4.txt.jpg,186,1,0.79455291997755,0.6591354636345814,0.909822757407658,0.7052068585810917
RTFRON_V186_27-8-2013_5.txt.jpg,186,1,0.7967939651107968,0.6622257053291536,0.9095190043726875,0.7089297886843899
RTFRON_V186_27-8-2013_6.txt.jpg,186,1,0.8031246329143663,0.6710177642555697,0.9127561577998798,0.717004876514079
RTFRON_V186_27-8-2013_7.txt.jpg,186,1,0.8001766784452297,0.6669120895302606,0.9125528913963329,0.7124429762466572
RTFRON_V186_27-8-2013_8.txt.jpg,186,1,0.7923375737627139,0.6560919314442862,0.9118209118209119,0.7005400870431545
RTFRON_V186_27-8-2013_9.txt.jpg,186,1,0.7944475685914701,0.658990474319945,0.9120005436259854,0.7037386607938755
RTFRON_V198_5-11-2013_1.txt.jpg,198,1,0.7783711615487316,0.6371584699453552,0.8701492537313433,0.7041062801932367
RTFRON_V198_5-11-2013_10.txt.jpg,198,1,0.7981985103065997,0.6641683482271548,0.877179623848321,0.7322654462242563
RTFRON_V198_5-11-2013_11.txt.jpg,198,1,0.80675215732114,0.6760977296300564,0.878547360539124,0.7458047292143402
RTFRON_V198_5-11-2013_12.txt.jpg,198,1,0.8041002277904328,0.6723809523809524,0.8797009515178976,0.740465293668955
RTFRON_V198_5-11-2013_13.txt.jpg,198,1,0.8036103330220977,0.6716961498439126,0.8812286689419795,0.738558352402746
RTFRON_V198_5-11-2013_14.txt.jpg,198,1,0.8016076501974915,0.6689025095408813,0.881035795887281,0.7353165522501907
RTFRON_V198_5-11-2013_15.txt.jpg,198,1,0.8007617728531856,0.6677253565860137,0.879449345908123,0.7349987287058225
RTFRON_V198_5-11-2013_16.txt.jpg,198,1,0.798887150060859,0.6651224737969772,0.8819780388543347,0.7301042461225528
RTFRON_V198_5-11-2013_17.txt.jpg,198,1,0.7997361294354559,0.6663002603413364,0.8811782708492731,0.7320747520976354
RTFRON_V198_5-11-2013_18.txt.jpg,198,1,0.7972358231760253,0.6628363552373253,0.8786069651741294,0.7296592931604373
RTFRON_V198_5-11-2013_19.txt.jpg,198,1,0.7936929692689578,0.6579527011361002,0.8819050578820604,0.7215230104246123
RTFRON_V198_5-11-2013_2.txt.jpg,198,1,0.7826421966937518,0.6429023534150411,0.8715288611544462,0.7102084922451055
RTFRON_V198_5-11-2013_3.txt.jpg,198,1,0.7902972850521033,0.6532987611639297,0.8747781806959339,0.720696669209255
RTFRON_V198_5-11-2013_4.txt.jpg,198,1,0.7921047134999651,0.6557726670125079,0.8755579498229952,0.7231756928553267
RTFRON_V198_5-11-2013_5.txt.jpg,198,1,0.7928750697155605,0.65682933872365,0.877817227539364,0.7229214340198322
RTFRON_V198_5-11-2013_6.txt.jpg,198,1,0.7994322902243146,0.6658785537166253,0.8776983885679538,0.7339816933638444
RTFRON_V198_5-11-2013_7.txt.jpg,198,1,0.806307236796805,0.6754730041532072,0.8795253117019679,0.7443427409102467
RTFRON_V198_5-11-2013_8.txt.jpg,198,1,0.8024963795600304,0.6701410883961992,0.8769404672192916,0.7397025171624714
RTFRON_V198_5-11-2013_9.txt.jpg,198,1,0.7993349267380235,0.6657434654665051,0.8782827129481616,0.7334096109839817
RTFRON_V199_5-11-2013_1.txt.jpg,199,1,0.6878367424784246,0.5242005813953489,0.8384284551900499,0.583104284559418
RTFRON_V199_5-11-2013_10.txt.jpg,199,1,0.7244873909969362,0.5679970436067997,0.8688524590163934,0.6212611156022635
RTFRON_V199_5-11-2013_11.txt.jpg,199,1,0.7290765469249577,0.5736588975212726,0.8713193976174421,0.6267582861762329
RTFRON_V199_5-11-2013_12.txt.jpg,199,1,0.7141495041952708,0.5553907756191606,0.8703230304438764,0.6054971705739692
RTFRON_V199_5-11-2013_13.txt.jpg,199,1,0.7059950201110898,0.5455891059798698,0.865867982147052,0.5959579628132579
RTFRON_V199_5-11-2013_14.txt.jpg,199,1,0.7100353965368794,0.5504301394245031,0.869493908153702,0.6
RTFRON_V199_5-11-2013_15.txt.jpg,199,1,0.7095882577201678,0.5498929019868528,0.8642906895751102,0.6018593371059013
RTFRON_V199_5-11-2013_16.txt.jpg,199,1,0.7032461936225223,0.5423128046078866,0.8623767026773133,0.5936944219886823
RTFRON_V199_5-11-2013_17.txt.jpg,199,1,0.7153201219512195,0.5568080688223079,0.8707956390628624,0.6069523039611965
RTFRON_V199_5-11-2013_18.txt.jpg,199,1,0.7170349251603706,0.5588888888888889,0.8697406340057637,0.6099434114793856
RTFRON_V199_5-11-2013_19.txt.jpg,199,1,0.7096037673024782,0.54991153052197,0.8620131746215185,0.6029911075181892
RTFRON_V199_5-11-2013_2.txt.jpg,199,1,0.6837253960633701,0.5194397840834488,0.841725768321513,0.5756669361358124
RTFRON_V199_5-11-2013_3.txt.jpg,199,1,0.7003568879371878,0.5388840070298769,0.8512434933487565,0.5949070331447049
RTFRON_V199_5-11-2013_4.txt.jpg,199,1,0.6989725209080048,0.5372465471642668,0.8548217416715371,0.5911883589329022
RTFRON_V199_5-11-2013_5.txt.jpg,199,1,0.7042468829121483,0.5435039079781743,0.8607964498423449,0.595877122069523
RTFRON_V199_5-11-2013_6.txt.jpg,199,1,0.7112208088095691,0.5518562168532705,0.8613474361922281,0.605658852061439
RTFRON_V199_5-11-2013_7.txt.jpg,199,1,0.7155119267795325,0.5570405375470723,0.8654353562005277,0.6098625707356508
RTFRON_V199_5-11-2013_8.txt.jpg,199,1,0.7239712851311406,0.5673628474775703,0.8626858995862686,0.6236863379143088
RTFRON_V199_5-11-2013_9.txt.jpg,199,1,0.7155893536121672,0.5571343990526939,0.8682814302191465,0.6085691188358933
RTFRON_V209_12-11-2013_1.txt.jpg,209,1,0.7022880093867052,0.5411740158575602,0.8478805709926991,0.5993683561854876
RTFRON_V209_12-11-2013_10.txt.jpg,209,1,0.7140279657194407,0.5552437741143459,0.8614497170222029,0.609690340471422
RTFRON_V209_12-11-2013_11.txt.jpg,209,1,0.711615910222182,0.5523321157628547,0.8624547548535703,0.6056847943306116
RTFRON_V209_12-11-2013_12.txt.jpg,209,1,0.7090488921111061,0.5492453492453493,0.8610102344007924,0.6026806347250039
RTFRON_V209_12-11-2013_13.txt.jpg,209,1,0.7123040079526456,0.5531616253772195,0.8615149196633511,0.607148359266677
RTFRON_V209_12-11-2013_14.txt.jpg,209,1,0.7065488329934285,0.5462508759635599,0.8581966310690301,0.6004467724541673
RTFRON_V209_12-11-2013_15.txt.jpg,209,1,0.7016279812120936,0.5403905591458275,0.8598412875824298,0.5925897396395009
RTFRON_V209_12-11-2013_16.txt.jpg,209,1,0.7130356337392874,0.554044581522501,0.8602525032651285,0.6088430134031736
RTFRON_V209_12-11-2013_17.txt.jpg,209,1,0.7144464952955476,0.5557501050567306,0.8596035099122522,0.6112309351409644
RTFRON_V209_12-11-2013_18.txt.jpg,209,1,0.7093947606142728,0.5496605305522503,0.8575016379122079,0.6049144969958404
RTFRON_V209_12-11-2013_19.txt.jpg,209,1,0.7030049552211666,0.5420259376095338,0.857681641708264,0.5955938992451086
RTFRON_V209_12-11-2013_2.txt.jpg,209,1,0.7015895953757225,0.5403450194769059,0.8478498144509933,0.598366969650285
RTFRON_V209_12-11-2013_3.txt.jpg,209,1,0.7188516917041858,0.5610995128740431,0.8531372341551159,0.621090741026036
RTFRON_V209_12-11-2013_4.txt.jpg,209,1,0.7214078859434172,0.5642205031709526,0.8555426397548346,0.623632722230781
RTFRON_V209_12-11-2013_5.txt.jpg,209,1,0.7238941987108246,0.567268166933742,0.8558814254178493,0.6271760899707287
RTFRON_V209_12-11-2013_6.txt.jpg,209,1,0.721625596007308,0.5644868934746236,0.8560101490643831,0.6237097519642582
RTFRON_V209_12-11-2013_7.txt.jpg,209,1,0.7242300160227879,0.5676807144850684,0.857685009487666,0.626713911569866
RTFRON_V209_12-11-2013_8.txt.jpg,209,1,0.7158754374943911,0.5574813054720805,0.8573731728288908,0.6144661839470036
RTFRON_V209_12-11-2013_9.txt.jpg,209,1,0.7135519913497927,0.5546683476920922,0.8594530062947688,0.6099984594053305
RTFRON_V211_12-11-2013_1.txt.jpg,211,1,0.7542965216676261,0.6055185160736682,0.8576103216155572,0.6731982973726699
RTFRON_V211_12-11-2013_10.txt.jpg,211,1,0.7982648147411151,0.6642601669095244,0.8720111294670029,0.7360193747247908
RTFRON_V211_12-11-2013_11.txt.jpg,211,1,0.7957684630738523,0.6608101836504674,0.8724614845938375,0.7314692499633054
RTFRON_V211_12-11-2013_12.txt.jpg,211,1,0.7970056542167715,0.6625182046868794,0.8711699164345403,0.7344782034346103
RTFRON_V211_12-11-2013_13.txt.jpg,211,1,0.7986641221374046,0.664813343923749,0.8714211348256117,0.7371202113606341
RTFRON_V211_12-11-2013_14.txt.jpg,211,1,0.8003024514485833,0.6670868440257414,0.8741957920361676,0.7379274915602525
RTFRON_V211_12-11-2013_15.txt.jpg,211,1,0.8023491131304313,0.6699357232787754,0.8734341252699784,0.7419638925583444
RTFRON_V211_12-11-2013_16.txt.jpg,211,1,0.7988379959409447,0.6650543334216804,0.8725549856559158,0.7366064875972406
RTFRON_V211_12-11-2013_17.txt.jpg,211,1,0.7996499045194144,0.666180564762031,0.8731537793223284,0.7375605460149713
RTFRON_V211_12-11-2013_18.txt.jpg,211,1,0.7985525687927469,0.6646587674587939,0.8714632876236764,0.7369000440334654
RTFRON_V211_12-11-2013_19.txt.jpg,211,1,0.8012879119131852,0.6684573550868815,0.8740785708091232,0.7396888301776017
RTFRON_V211_12-11-2013_2.txt.jpg,211,1,0.7853932584269663,0.6466234967622572,0.8664777758101647,0.7181858212241303
RTFRON_V211_12-11-2013_3.txt.jpg,211,1,0.7994765851143979,0.6659400184964989,0.8695764685586129,0.739835608395714
RTFRON_V211_12-11-2013_4.txt.jpg,211,1,0.8027361512000316,0.6704755614266843,0.8702100300042863,0.7449728460296492
RTFRON_V211_12-11-2013_5.txt.jpg,211,1,0.7972978342936619,0.6629220907949515,0.8693994280266921,0.7362395420519595
RTFRON_V211_12-11-2013_6.txt.jpg,211,1,0.7990451561567535,0.6653415490624793,0.8725345381875055,0.7369734331425216
RTFRON_V211_12-11-2013_7.txt.jpg,211,1,0.8001906729165011,0.6669315322473844,0.8721856598545202,0.7391751064142081
RTFRON_V211_12-11-2013_8.txt.jpg,211,1,0.7971286141575274,0.6626881506531397,0.8729146650362477,0.7334507559078233
RTFRON_V211_12-11-2013_9.txt.jpg,211,1,0.7979757730315589,0.6638599748060731,0.8729729729729729,0.7348451489798914
RTFRON_V215_12-11-2013_1.txt.jpg,215,1,0.7887096252707815,0.6511317531496904,0.8905519859813084,0.7077699762084373
RTFRON_V215_12-11-2013_10.txt.jpg,215,1,0.8157454465103066,0.6888261008636315,0.8944344455212515,0.7497823942436024
RTFRON_V215_12-11-2013_11.txt.jpg,215,1,0.8122721942252227,0.6838874953300955,0.8949573962843973,0.7435733766610573
RTFRON_V215_12-11-2013_12.txt.jpg,215,1,0.8068286778991623,0.6762052212909081,0.8942389155605761,0.7349852028085649
RTFRON_V215_12-11-2013_13.txt.jpg,215,1,0.7989106055751362,0.6651549911967134,0.891965371682049,0.7234375906690652
RTFRON_V215_12-11-2013_14.txt.jpg,215,1,0.8113531017842402,0.6825854700854701,0.8957588503329829,0.7414843613996402
RTFRON_V215_12-11-2013_15.txt.jpg,215,1,0.8138319769467051,0.6861017673127235,0.8957200613411404,0.7456623919224743
RTFRON_V215_12-11-2013_16.txt.jpg,215,1,0.81563998990154,0.6886757260857981,0.8940159114493255,0.7498984506470144
RTFRON_V215_12-11-2013_17.txt.jpg,215,1,0.8146060298961236,0.6872027785199039,0.896674335912989,0.7463007021412407
RTFRON_V215_12-11-2013_18.txt.jpg,215,1,0.8141912206855081,0.6866125760649088,0.8955026455026455,0.7464167585446527
RTFRON_V215_12-11-2013_19.txt.jpg,215,1,0.8137158763799702,0.6859367500399979,0.8944367176634214,0.7463587303429466
RTFRON_V215_12-11-2013_2.txt.jpg,215,1,0.801818822248551,0.6691966433267411,0.8945412975135754,0.7265130853594847
RTFRON_V215_12-11-2013_3.txt.jpg,215,1,0.8058692185007974,0.6748584250454108,0.8948076786852731,0.73301224395056
RTFRON_V215_12-11-2013_4.txt.jpg,215,1,0.8103404471544715,0.6811532301121196,0.8949842160645387,0.7403237973655197
RTFRON_V215_12-11-2013_5.txt.jpg,215,1,0.8080398186602415,0.6779083993829459,0.8905660377358491,0.7395114025416353
RTFRON_V215_12-11-2013_6.txt.jpg,215,1,0.8113405004281229,0.6825676324635825,0.8945454545454545,0.7422967562235246
RTFRON_V215_12-11-2013_7.txt.jpg,215,1,0.8178260320666583,0.6917983767620675,0.8965469517680438,0.7518133813033134
RTFRON_V215_12-11-2013_8.txt.jpg,215,1,0.8151682730289145,0.6880034138795541,0.8949486538995282,0.7484477456043637
RTFRON_V215_12-11-2013_9.txt.jpg,215,1,0.7992821203089446,0.6656702076549404,0.8926270579813886,0.7236116752741832
RTFRON_V216_12-11-2013_1.txt.jpg,216,1,0.7991323468235574,0.6654624635027466,0.8952133679515345,0.72167659528793
RTFRON_V216_12-11-2013_10.txt.jpg,216,1,0.8192932800326806,0.6939007512850929,0.8977490727714541,0.7534481833306499
RTFRON_V216_12-11-2013_11.txt.jpg,216,1,0.8159198147768236,0.689074798277313,0.8987603305785123,0.7470616647882788
RTFRON_V216_12-11-2013_12.txt.jpg,216,1,0.8161448112240415,0.6893958137463506,0.8983750322414238,0.7477056834648205
RTFRON_V216_12-11-2013_13.txt.jpg,216,1,0.8199976638243196,0.6949118986339339,0.8993658317852796,0.7535018515536951
RTFRON_V216_12-11-2013_14.txt.jpg,216,1,0.8150273784076602,0.6878027083127409,0.8968294883361257,0.7469006601191435
RTFRON_V216_12-11-2013_15.txt.jpg,216,1,0.8201820940819423,0.6951768488745981,0.8988167572753438,0.7541995384532818
RTFRON_V216_12-11-2013_16.txt.jpg,216,1,0.8161017197433569,0.6893343231873299,0.8985806451612903,0.7474910105726399
RTFRON_V216_12-11-2013_17.txt.jpg,216,1,0.8146780386295026,0.6873052766925474,0.8974557664987731,0.7458809638812859
RTFRON_V216_12-11-2013_18.txt.jpg,216,1,0.8101534203009512,0.6808889768846211,0.8975597024663969,0.7382600762088767
RTFRON_V216_12-11-2013_19.txt.jpg,216,1,0.81581874597506,0.6889306372670193,0.8973533389142894,0.7478666881339558
RTFRON_V216_12-11-2013_2.txt.jpg,216,1,0.7902766537781375,0.6532705649157582,0.8949762389680923,0.7075081844040144
RTFRON_V216_12-11-2013_3.txt.jpg,216,1,0.8041945612891759,0.6725128814902893,0.8974545454545455,0.7284924596146621
RTFRON_V216_12-11-2013_4.txt.jpg,216,1,0.8041603698106499,0.6724650609574785,0.8977768955934895,0.7282241184994365
RTFRON_V216_12-11-2013_5.txt.jpg,216,1,0.8099826158696485,0.6806477171437061,0.8980138507774729,0.7376697257553803
RTFRON_V216_12-11-2013_6.txt.jpg,216,1,0.8169590643274853,0.6905585763717251,0.8974111903385367,0.7497450759405356
RTFRON_V216_12-11-2013_7.txt.jpg,216,1,0.8160131293593575,0.6892079207920792,0.8988314287558913,0.7471690012343691
RTFRON_V216_12-11-2013_8.txt.jpg,216,1,0.8148017724564955,0.6874814301277608,0.898925148925149,0.7450759405356089
RTFRON_V216_12-11-2013_9.txt.jpg,216,1,0.8174737951630848,0.691294443894226,0.8994265833387024,0.7492083937100843
TFRON_V185_27-8-2013_0.txt.jpg,185,1,0.6420378478127149,0.47279509725552893,0.9082719082719083,0.49650232245788795
TFRON_V186_27-8-2013_0.txt.jpg,186,1,0.7949405902644692,0.6596692111959288,0.9080560420315237,0.7068847989093388
TFRON_V198_5-11-2013_0.txt.jpg,198,1,0.7736918042017102,0.6309113865932048,0.8666141111549074,0.6987668446478515
TFRON_V199_5-11-2013_0.txt.jpg,199,1,0.6749746413563251,0.5094050743657043,0.8384735389415576,0.5648342764753436
TFRON_V209_12-11-2013_0.txt.jpg,209,1,0.6865862573099415,0.5227494086545151,0.843700875814058,0.578801417347096
TFRON_V211_12-11-2013_0.txt.jpg,211,1,0.711270921621506,0.5519165614827609,0.8534155110426297,0.609716718039043
TFRON_V215_12-11-2013_0.txt.jpg,215,1,0.7898550724637681,0.6526946107784432,0.8924628993347467,0.7084082864272037
TFRON_V216_12-11-2013_0.txt.jpg,216,1,0.7863258133317312,0.6478887183802782,0.8930131004366813,0.7024097032147265
TFRON_V221_19-11-2013_0.jpg,221,1,0.7167095412897072,0.5584936258390018,0.9464844644629361,0.5767048097497441
TFRON_V221_19-11-2013_1.jpg,221,1,0.7411501289572883,0.5887518011527377,0.9484947406601378,0.6081961112661642
TFRON_V221_19-11-2013_10.jpg,221,1,0.721680377689198,0.5645539386969791,0.9199279279279279,0.5937296492696995
TFRON_V221_19-11-2013_11.jpg,221,1,0.7082776466573777,0.548320345176771,0.9111127368498061,0.5793097032282073
TFRON_V221_19-11-2013_12.jpg,221,1,0.7015679742691402,0.5403193701066041,0.916766736715701,0.5681923899897665
TFRON_V221_19-11-2013_13.jpg,221,1,0.7063347385211348,0.545994979963891,0.9110213078618663,0.5767513257047168
TFRON_V221_19-11-2013_14.jpg,221,1,0.6977628055627537,0.535818519501194,0.9156653819995466,0.5636338264024561
TFRON_V221_19-11-2013_15.jpg,221,1,0.6919605159712314,0.529005832331597,0.9250291942390035,0.5527025769839055
TFRON_V221_19-11-2013_16.jpg,221,1,0.7093786402250192,0.549641174657685,0.911307394700343,0.580705181877384
TFRON_V221_19-11-2013_17.jpg,221,1,0.6883467262336457,0.5247932056442695,0.9145147614275804,0.5518652897943995
TFRON_V221_19-11-2013_18.jpg,221,1,0.7069197514958917,0.5466944161537439,0.9192167373985556,0.5742859800911713
TFRON_V221_19-11-2013_19.jpg,221,1,0.6991361249031369,0.5374398799805851,0.9127013862869989,0.566564331565727
TFRON_V221_19-11-2013_2.jpg,221,1,0.7442489089117275,0.5926723171442666,0.9428551045159449,0.6147548609172946
TFRON_V221_19-11-2013_3.jpg,221,1,0.7226360379826008,0.5657244602715334,0.9292921906990348,0.591171271746209
TFRON_V221_19-11-2013_4.jpg,221,1,0.7208474528006379,0.5635351736420303,0.9293633893824803,0.5887524420876361
TFRON_V221_19-11-2013_5.jpg,221,1,0.7212796343901743,0.5640636168691923,0.9344286560094731,0.5873104474834868
TFRON_V221_19-11-2013_6.jpg,221,1,0.7218782985764414,0.5647962144547118,0.933382515676872,0.5885198623127733
TFRON_V221_19-11-2013_7.jpg,221,1,0.7382822256139864,0.5851405445827651,0.915044369539795,0.6187552330449344
TFRON_V221_19-11-2013_8.jpg,221,1,0.7323575971338906,0.5777320129699413,0.9087462954028535,0.6133128663131454
TFRON_V221_19-11-2013_9.jpg,221,1,0.7134360484875949,0.5545282437370669,0.9120202751629254,0.5858684528793376
TFRON_V251_8-9-2014_0.jpg,251,1,0.6943636240611679,0.5318200663349917,0.86047291631729,0.5820099818511797
TFRON_V251_8-9-2014_1.jpg,251,1,0.637594583831143,0.46799181525869626,0.76848,0.5448049001814882
TFRON_V251_8-9-2014_10.jpg,251,1,0.5349417076622414,0.3651333946642134,0.6589739332558525,0.45020417422867515
TFRON_V251_8-9-2014_11.jpg,251,1,0.5701252810793447,0.3987239396117901,0.6574307304785895,0.5032894736842105
TFRON_V251_8-9-2014_12.jpg,251,1,0.5339231200548252,0.3641849396566378,0.5922598479612993,0.4860480943738657
TFRON_V251_8-9-2014_13.jpg,251,1,0.5076872319366545,0.34020162716660773,0.6068780564757849,0.4363656987295826
TFRON_V251_8-9-2014_14.jpg,251,1,0.4988983107431395,0.33235477270705455,0.6063950657360818,0.4237749546279492
TFRON_V251_8-9-2014_15.jpg,251,1,0.6230541618422746,0.45248995608707837,0.7196136701337296,0.5493421052631579
TFRON_V251_8-9-2014_16.jpg,251,1,0.4808974358974359,0.31656679888598194,0.5529186320754716,0.4254764065335753
TFRON_V251_8-9-2014_17.jpg,251,1,0.5512229935768507,0.380474697716077,0.6439290586630286,0.48185117967332125
TFRON_V251_8-9-2014_18.jpg,251,1,0.4714489188139324,0.3084286319356205,0.5491704374057316,0.41299909255898365
TFRON_V251_8-9-2014_19.jpg,251,1,0.5462999345121152,0.3757996215875304,0.6462658816237992,0.4731170598911071
TFRON_V251_8-9-2014_2.jpg,251,1,0.6162257019438445,0.4453224075699932,0.7608333333333334,0.5178085299455535
TFRON_V251_8-9-2014_3.jpg,251,1,0.5887133774660811,0.41714657254319154,0.6972519795062878,0.5094147005444646
TFRON_V251_8-9-2014_4.jpg,251,1,0.6483881913810655,0.4797148021691103,0.8070620037168441,0.541855716878403
TFRON_V251_8-9-2014_5.jpg,251,1,0.5465646806226516,0.37605022620256673,0.6690210249671484,0.46200090744101635
TFRON_V251_8-9-2014_6.jpg,251,1,0.45500660134806475,0.29450391292614914,0.5872645739910314,0.37137023593466423
TFRON_V251_8-9-2014_7.jpg,251,1,0.43211854225070084,0.2756066411238825,0.5249756730457347,0.3671733212341198
TFRON_V251_8-9-2014_8.jpg,251,1,0.5962092291206216,0.42471374045801524,0.7278822567457073,0.5048774954627949
TFRON_V251_8-9-2014_9.jpg,251,1,0.5963727826317183,0.424879751013864,0.7159885568976478,0.511002722323049
TFRON_V268_23-10-2014_0.jpg,268,1,0.6750110440288617,0.5094465436763725,0.840946615299945,0.5637682941827573
TFRON_V268_23-10-2014_1.jpg,268,1,0.6479117074226358,0.4791933418693982,0.7834961618981159,0.5523305866437093
TFRON_V268_23-10-2014_10.jpg,268,1,0.693357471104303,0.5306405200895236,0.799069170277644,0.6123478046980692
TFRON_V268_23-10-2014_11.jpg,268,1,0.6916082459915319,0.5285941644562334,0.7938177182919057,0.6127167630057804
TFRON_V268_23-10-2014_12.jpg,268,1,0.6702378401542747,0.5040283596519497,0.7993185689948893,0.5770507932603616
TFRON_V268_23-10-2014_13.jpg,268,1,0.6573744844261129,0.4896186440677966,0.7792952284606306,0.568441766080433
TFRON_V268_23-10-2014_14.jpg,268,1,0.6271988174427199,0.4568752018951222,0.7858862752361548,0.5218300332062477
TFRON_V268_23-10-2014_15.jpg,268,1,0.6342063377224714,0.4643500370801992,0.7701634159198735,0.539048087566105
TFRON_V268_23-10-2014_16.jpg,268,1,0.614165137614679,0.4431733926490838,0.7615580633418274,0.5145738531545936
TFRON_V268_23-10-2014_17.jpg,268,1,0.6634546239033511,0.4963951361239643,0.7987878787878788,0.5673348911572992
TFRON_V268_23-10-2014_18.jpg,268,1,0.6260025016555073,0.4556067259290993,0.7791208791208791,0.5231828803345222
TFRON_V268_23-10-2014_19.jpg,268,1,0.6259211096662332,0.4555205047318612,0.7585361582910173,0.5327757963350142
TFRON_V268_23-10-2014_2.jpg,268,1,0.6673621253216496,0.5007827992902619,0.7679257362355953,0.5900873201328249
TFRON_V268_23-10-2014_3.jpg,268,1,0.6471119760895253,0.47831894780106865,0.7440856777493606,0.5725003074652564
TFRON_V268_23-10-2014_4.jpg,268,1,0.6749269107615202,0.509350703929397,0.7775461106655974,0.5962366252613455
TFRON_V268_23-10-2014_5.jpg,268,1,0.6891995270881146,0.5257852292020373,0.7930537772087067,0.6093961382363793
TFRON_V268_23-10-2014_6.jpg,268,1,0.6833034606369778,0.5189528795811519,0.7774117647058824,0.6095191243389497
TFRON_V268_23-10-2014_7.jpg,268,1,0.6899979291778836,0.5267151438507746,0.7863436123348018,0.6146845406469069
TFRON_V268_23-10-2014_8.jpg,268,1,0.6848614661784012,0.5207523379216139,0.7814569536423841,0.6095191243389497
TFRON_V268_23-10-2014_9.jpg,268,1,0.6598546448873858,0.49237542955326463,0.7951786333680194,0.5638912802853278
108-1.txt.jpg,108,0,0.722704934145862,0.5658089140605762,0.8449940240875241,0.6313367220772084
137-1.txt.jpg,137,0,0.7392582973685216,0.5863677673432294,0.8728354978354979,0.6411394501490559
145-1.txt.jpg,145,0,0.7670506061318378,0.6221265933108182,0.9013495383158393,0.6675824175824175
172-1.txt.jpg,172,0,0.8077183210662423,0.677455953016551,0.9039180765805878,0.7300251708018698
30-1.txt.jpg,30,0,0.7678456591639872,0.6231732776617954,0.8781871672737461,0.6821372218292616
85-1.txt.jpg,85,0,0.7525356231721735,0.6032521947326417,0.8906399587598498,0.6515110704088779
87-1.txt.jpg,87,0,0.7245758190161136,0.5681057563587684,0.9080777460770328,0.6027697224359354
9-1.txt.jpg,9,0,0.779384718274536,0.6385179097322101,0.8808578987150416,0.6988755622188906
IR_2015-04-17_0034.jpg,2015-04-17,0,0.7444209154585437,0.5928905033731189,0.9036085022244191,0.6329201578838031
IR_2015-04-17_0035.jpg,2015-04-17,0,0.7608444664357579,0.6140023958471982,0.9403730506574254,0.6388754241396025
IR_2015-04-17_0036.jpg,2015-04-17,0,0.69585087191822,0.533566949465142,0.8262566641279513,0.6009971608614362
IR_2015-04-17_0037.jpg,2015-04-17,0,0.7274424645857857,0.5716381730033172,0.8788740682620636,0.6205248943978949
IR_2015-04-17_0038.jpg,2015-04-17,0,0.7367215929999591,0.5831822889694459,0.8994608626198083,0.6238487639360155
IR_2015-04-17_0039.jpg,2015-04-17,0,0.7289933104911078,0.5735558408215661,0.8869478908188586,0.6187937123467904
IR_2015-04-17_0040.jpg,2015-04-17,0,0.7227577193269074,0.5658736249680225,0.8810116499054067,0.6126999515269026
IR_2015-04-17_0041.jpg,2015-04-17,0,0.7510139889082029,0.6012989595069256,0.9333401913383397,0.628280589986843
IR_2015-04-17_0042.jpg,2015-04-17,0,0.7334401051291528,0.579080474677388,0.9011099899091827,0.6183782286545253
IR_2015-04-17_0043.jpg,2015-04-17,0,0.7337891029625025,0.5795157068062827,0.9134516195584897,0.6131846825012118
IR_2015-04-17_0044.jpg,2015-04-17,0,0.7262985685071575,0.5702267034872519,0.8871016085523029,0.6148466172702721
IR_2015-04-17_0045.jpg,2015-04-17,0,0.7394923692157023,0.58666235027517,0.9002483854942871,0.6274496226023129
IR_2015-04-17_0046.jpg,2015-04-17,0,0.7339014757846601,0.5796558970317836,0.9181402121905554,0.6112457586039748
IR_2015-04-17_0047.jpg,2015-04-17,0,0.7450689114467277,0.5937130080231487,0.9218829776370877,0.6251644622948549
IR_2015-04-17_0048.jpg,2015-04-17,0,0.7159020777617774,0.5575136174303108,0.8819951338199513,0.602451353784364
IR_2015-04-17_0049.jpg,2015-04-17,0,0.7011857383169902,0.5398660601465757,0.8603503826016915,0.5917180250675161
IR_2015-04-17_0050.jpg,2015-04-17,0,0.7249147892592901,0.5685226235493546,0.9067276697514818,0.6038362994252475
IR_2015-04-17_0051.jpg,2015-04-17,0,0.7290314579802406,0.5736030703180902,0.9044102564102564,0.6106225330655771
IR_2015-04-17_0052.jpg,2015-04-17,0,0.7216477721024874,0.5645140332640333,0.9013485477178423,0.601689633681878
IR_2015-04-17_0053.jpg,2015-04-17,0,0.7096747393345242,0.5499967806322839,0.8868355481727574,0.5915102832213835
R108-10.txt.jpg,108,0,0.7255784816569437,0.5693394777265744,0.8436674861149048,0.6364885286440445
R108-11.txt.jpg,108,0,0.7230128154729145,0.566186430242581,0.8452205882352941,0.6316801758483308
R108-12.txt.jpg,108,0,0.7254924999020875,0.5692336058017331,0.8439179954441913,0.6362137656271466
R108-13.txt.jpg,108,0,0.7298670836591087,0.5746383502616189,0.8469424786790056,0.6412281906855337
R108-14.txt.jpg,108,0,0.7233207784055242,0.5665642286416718,0.843366880146386,0.6331913724412694
R108-15.txt.jpg,108,0,0.7321790672282015,0.5775098425196851,0.8468338444885442,0.6448688006594312
R108-16.txt.jpg,108,0,0.7231216598553913,0.5663199359881824,0.8449035812672177,0.6320236296194532
R108-17.txt.jpg,108,0,0.7244082144536761,0.5678997173405432,0.8434020806716555,0.634839950542657
R108-18.txt.jpg,108,0,0.7304164552515514,0.5753197245450073,0.8457922805748893,0.6427393872784724
R108-19.txt.jpg,108,0,0.7229246838922485,0.5660783469651313,0.8438760542720939,0.6322983926363511
R108-2.txt.jpg,108,0,0.7257830569602886,0.5695914349003199,0.8453109305086294,0.6358703118560242
R108-20.txt.jpg,108,0,0.7266322217003288,0.5706381409074143,0.8445859872611465,0.6375875807116362
R108-3.txt.jpg,108,0,0.7260718333528745,0.5699472327892993,0.8422341100734427,0.6380684159912076
R108-4.txt.jpg,108,0,0.7240960551572845,0.5675161191280319,0.842556295013219,0.634839950542657
R108-5.txt.jpg,108,0,0.7244594171106237,0.5679626558565198,0.8429352780309937,0.6351834043137794
R108-6.txt.jpg,108,0,0.7211735095170678,0.5639338212682207,0.8435142594296228,0.6298255254842698
R108-7.txt.jpg,108,0,0.7260418704754451,0.5699103083916943,0.8435937073747386,0.6372441269405138
R108-8.txt.jpg,108,0,0.7252282255220781,0.5689082862060487,0.8440492476060192,0.6357329303475752
R108-9.txt.jpg,108,0,0.7276707188367275,0.5719201228878649,0.8442630385487528,0.6393735403214728
R137-10.txt.jpg,137,0,0.7396883593033914,0.5869090909090909,0.8732978627468663,0.6415369327591918
R137-11.txt.jpg,137,0,0.7483606868058977,0.5979044273514627,0.8745570517363572,0.6539913878767804
R137-12.txt.jpg,137,0,0.7469531872888112,0.5961095624772755,0.8748665955176094,0.6516727393176549
R137-13.txt.jpg,137,0,0.7407718120805369,0.5882744836775483,0.872764848593764,0.6434580987081815
R137-14.txt.jpg,137,0,0.738632021398548,0.5855801272341714,0.872686230248307,0.640278237827095
R137-15.txt.jpg,137,0,0.741316863014221,0.5889622584358151,0.8731812466319382,0.6440543226233852
R137-16.txt.jpg,137,0,0.7407887710733084,0.5882958744774944,0.87305583026162,0.6433256045048029
R137-17.txt.jpg,137,0,0.7370276691959837,0.5835659667435369,0.8742612964814983,0.6370321298443193
R137-18.txt.jpg,137,0,0.7370394459960975,0.5835807331111784,0.8723057417134578,0.6380920834713482
R137-19.txt.jpg,137,0,0.733696904524157,0.5794007036273201,0.8728867769350269,0.6327923153362041
R137-2.txt.jpg,137,0,0.7438412408759124,0.5921554385327764,0.8727808011419396,0.6480953958264326
R137-20.txt.jpg,137,0,0.7424662739882196,0.5904146017164269,0.8706773618538325,0.6471679364027824
R137-3.txt.jpg,137,0,0.7435605197173467,0.591799709724238,0.8716487040171016,0.6482941371315005
R137-4.txt.jpg,137,0,0.7464194810621889,0.5954300260621855,0.8749554684716779,0.6508115269956939
R137-5.txt.jpg,137,0,0.7474663123932435,0.5967634402084975,0.8752,0.6522689632328585
R137-6.txt.jpg,137,0,0.7383452330953381,0.585219707057257,0.871395097332372,0.6405432262338523
R137-7.txt.jpg,137,0,0.7410370709033414,0.588609127224307,0.8720408895265424,0.6442530639284532
R137-8.txt.jpg,137,0,0.7417829634713643,0.5895508818716286,0.8738657802533465,0.6443855581318317
R137-9.txt.jpg,137,0,0.7447010921267933,0.593246028858979,0.8749105865522174,0.6482278900298112
R145-10.txt.jpg,145,0,0.7796160604754484,0.6388285155401,0.9007124798896805,0.6872223521159692
R145-11.txt.jpg,145,0,0.7771086341706871,0.6354682483539207,0.9019850158337839,0.68260462941314
R145-12.txt.jpg,145,0,0.7799913813107038,0.6393326812303011,0.9009112489470863,0.6876899696048632
R145-13.txt.jpg,145,0,0.7813990461049285,0.6412263535551207,0.9015591562213391,0.6895019873743278
R145-14.txt.jpg,145,0,0.784909649499521,0.6459681365885488,0.902529818430449,0.6944119710077157
R145-15.txt.jpg,145,0,0.779510317828943,0.6386865282157225,0.9013349700782569,0.6866962824409633
R145-16.txt.jpg,145,0,0.7821713378114556,0.642267144875557,0.9013193014565698,0.6908463876548983
R145-17.txt.jpg,145,0,0.7852780986961545,0.6464673913043478,0.9020247213164481,0.6952887537993921
R145-18.txt.jpg,145,0,0.7855870124727776,0.6468862080208673,0.9019548416426731,0.6958148234743979
R145-19.txt.jpg,145,0,0.7854341736694678,0.6466789667896679,0.9002795195285941,0.6965747018938508
R145-2.txt.jpg,145,0,0.7690093708165997,0.6247077374802893,0.8995458816160351,0.6715571662380173
R145-20.txt.jpg,145,0,0.7871163219602161,0.6489627457369392,0.9014785757392879,0.6985036240355389
R145-3.txt.jpg,145,0,0.7622765978930363,0.6158699080872355,0.8985162262953265,0.6619125555295768
R145-4.txt.jpg,145,0,0.7718208237298326,0.6284268929503917,0.9005378439473068,0.67529810614917
R145-5.txt.jpg,145,0,0.7752479861527195,0.6329836386367342,0.9003401886500696,0.680675707271452
R145-6.txt.jpg,145,0,0.7725192879329348,0.6293535045711798,0.9011922387594483,0.6759995323825111
R145-7.txt.jpg,145,0,0.7785666887856669,0.6374205465312109,0.9003222836095764,0.6858194996492869
R145-8.txt.jpg,145,0,0.7847583888193025,0.6457632635347728,0.8997732426303855,0.6958148234743979
R145-9.txt.jpg,145,0,0.7830859258769465,0.6435014127363616,0.9013623563437095,0.6922492401215805
R172-10.txt.jpg,172,0,0.8116218147177899,0.6829659318637274,0.9056603773584906,0.7352750809061489
R172-11.txt.jpg,172,0,0.8028648021446005,0.6706550802139037,0.9048520923520924,0.7215390147428983
R172-12.txt.jpg,172,0,0.7981680861320907,0.6641262200828988,0.9041594611813962,0.7144192736425746
R172-13.txt.jpg,172,0,0.8045738045738046,0.6730434782608695,0.9059151886197894,0.7236245954692556
R172-14.txt.jpg,172,0,0.7888475234703788,0.6513197460741731,0.9019154251873785,0.7009708737864078
R172-15.txt.jpg,172,0,0.7915605674790833,0.6550270921131849,0.9036544850498339,0.7042071197411003
R172-16.txt.jpg,172,0,0.7941816423563542,0.6586246073648333,0.903051406579309,0.7087378640776699
R172-17.txt.jpg,172,0,0.8036792641471706,0.6717924717523568,0.9052252252252252,0.7226177633944624
R172-18.txt.jpg,172,0,0.7922182757507266,0.6559283518246224,0.9027688345138442,0.7057892844300612
R172-19.txt.jpg,172,0,0.7928487832438759,0.6567932602300081,0.9033474342468273,0.7064365336209997
R172-2.txt.jpg,172,0,0.809697933227345,0.680245759316148,0.9050199911150599,0.732542250988853
R172-20.txt.jpg,172,0,0.8004495103547921,0.6672912205567452,0.9056398147307239,0.7171521035598706
R172-3.txt.jpg,172,0,0.8033716842441675,0.6713627562262136,0.9036577693897726,0.723121179431859
R172-4.txt.jpg,172,0,0.8099061854030848,0.680539782216581,0.9054306283885877,0.7326141675656239
R172-5.txt.jpg,172,0,0.8024977984148587,0.6701430672549806,0.9049381601516656,0.7208917655519598
R172-6.txt.jpg,172,0,0.7938592956724958,0.6581813322643149,0.9026848712544672,0.7084501977705862
R172-7.txt.jpg,172,0,0.8055699636914975,0.6744388027792624,0.9047320308298978,0.7259978425026968
R172-8.txt.jpg,172,0,0.8065597318649749,0.675827482447342,0.9058886797526217,0.7268608414239482
R172-9.txt.jpg,172,0,0.8057628606776549,0.6747092634674509,0.9052187948350072,0.7259978425026968
R30-10.txt.jpg,30,0,0.760924812496126,0.6141070535267634,0.8839922229423202,0.6679362315686381
R30-11.txt.jpg,30,0,0.7616279069767442,0.6150234741784038,0.8822812925413771,0.6700038086947059
R30-12.txt.jpg,30,0,0.7707633074619569,0.6270259520731829,0.8790687948700077,0.686217966157027
R30-13.txt.jpg,30,0,0.7562670637875404,0.608062263021353,0.8798094275608171,0.66314815822406
R30-14.txt.jpg,30,0,0.7497108561783001,0.599629981499075,0.8809873640905084,0.6524838130474999
R30-15.txt.jpg,30,0,0.7488849380867721,0.5985739928201037,0.8774302002631195,0.6531911420643125
R30-16.txt.jpg,30,0,0.7604868104034102,0.61353668261563,0.8795998570918185,0.6697861689972251
R30-17.txt.jpg,30,0,0.7551160042296449,0.6065753972219446,0.8813067150635209,0.6605364818542903
R30-18.txt.jpg,30,0,0.7569829804383544,0.6089884277733439,0.8797377143680646,0.6642907666358344
R30-19.txt.jpg,30,0,0.7558247903075489,0.6074906367041198,0.8808196365216132,0.6618967299635453
R30-2.txt.jpg,30,0,0.766510660426417,0.6214165261382799,0.8754192286193404,0.6817019424343
R30-20.txt.jpg,30,0,0.7453279819390443,0.5940420852701555,0.8795234218900319,0.6466619511398879
R30-3.txt.jpg,30,0,0.772741119844026,0.6296480166807328,0.8778985256454628,0.6900810707873116
R30-4.txt.jpg,30,0,0.7729095770539621,0.6298717377308969,0.8751806234087938,0.692039828064639
R30-5.txt.jpg,30,0,0.7704978262200722,0.6266746351909955,0.8809773857032837,0.6846400783502911
R30-6.txt.jpg,30,0,0.7681274900398406,0.6235446313065977,0.8793768858325731,0.6818651722074106
R30-7.txt.jpg,30,0,0.7583790655132856,0.6107975827798032,0.8815049733314113,0.6654333750476087
R30-8.txt.jpg,30,0,0.7670980801079555,0.6221890547263682,0.8790328249103817,0.6804505141737853
R30-9.txt.jpg,30,0,0.7637416810451072,0.6177848669125711,0.88044327626625,0.6743566026443223
R85-10.txt.jpg,85,0,0.7619991943730053,0.6155078340091105,0.8968636032093362,0.6623929321769111
R85-11.txt.jpg,85,0,0.7601340865354771,0.613077654834026,0.8967411204686928,0.6596455314334967
R85-12.txt.jpg,85,0,0.7582796902696147,0.6106686701728024,0.8968662645284684,0.6567903894844583
R85-13.txt.jpg,85,0,0.7583525166428171,0.6107631407526182,0.8973717146433041,0.6566287776760222
R85-14.txt.jpg,85,0,0.7562763137377203,0.608074222668004,0.8980151088727596,0.6531810590960513
R85-15.txt.jpg,85,0,0.7572006220839813,0.6092701972169386,0.8958563332597336,0.6557129774282174
R85-16.txt.jpg,85,0,0.7533433320834896,0.6042909419018497,0.8968826724202068,0.6494101168992081
R85-17.txt.jpg,85,0,0.7651517495281998,0.6196322092498873,0.8986918604651163,0.6661638743737542
R85-18.txt.jpg,85,0,0.7634168987929434,0.6173599639585523,0.8971411944424238,0.6643861444809568
R85-19.txt.jpg,85,0,0.7397771869856944,0.5870209453011201,0.8967237013734367,0.6295857350643753
R85-2.txt.jpg,85,0,0.7511241568823382,0.6014402160324048,0.8934700245152664,0.6479017400204709
R85-20.txt.jpg,85,0,0.7519874804381846,0.6025480262827908,0.8973631134682901,0.6471475515811022
R85-3.txt.jpg,85,0,0.752611719212898,0.60335,0.8935870853080569,0.6500565641329527
R85-4.txt.jpg,85,0,0.755296972713979,0.606808978653202,0.8939460892620416,0.6538813769326078
R85-5.txt.jpg,85,0,0.7564257964257964,0.6082675197440768,0.8939905965324714,0.6555513656197813
R85-6.txt.jpg,85,0,0.7634959851760346,0.6174634097607273,0.8946225664037056,0.6658945213596941
R85-7.txt.jpg,85,0,0.7594905327094115,0.6122408193854609,0.8940609951845907,0.6601303668588051
R85-8.txt.jpg,85,0,0.7603506154419992,0.6133594102602677,0.8987434785803512,0.6588913429941281
R85-9.txt.jpg,85,0,0.7593363574224818,0.6120404687969548,0.8970124054907143,0.6582987663631956
R87-10.txt.jpg,87,0,0.740790260722705,0.5882977534369063,0.9134849010760153,0.6230100017754631
R87-11.txt.jpg,87,0,0.7515454608599014,0.6019806387003449,0.9094729763806002,0.6403503580517251
R87-12.txt.jpg,87,0,0.7446317409246695,0.5931580120347671,0.9101479011712404,0.6300526720719655
R87-13.txt.jpg,87,0,0.7345742238547663,0.5804957016858323,0.9109145059565522,0.6154346925489732
R87-14.txt.jpg,87,0,0.7466526830973605,0.5957268771616646,0.9121113768363512,0.6320056814819198
R87-15.txt.jpg,87,0,0.7476518034847586,0.5969999442368817,0.9117697155510135,0.6336035982718826
R87-16.txt.jpg,87,0,0.7399522203485104,0.5872413985390063,0.9104348577850783,0.623246730188791
R87-17.txt.jpg,87,0,0.7423302128256373,0.5902425425146361,0.9107019958706125,0.6265017458720483
R87-18.txt.jpg,87,0,0.7343042986425339,0.5801586414925707,0.9117724519357387,0.6146653252056579
R87-19.txt.jpg,87,0,0.7330832389580973,0.5786356779708364,0.9117880095078792,0.6129490442090312
R87-2.txt.jpg,87,0,0.7302689867810185,0.5751367645416993,0.9101590106007067,0.6097532106291058
R87-20.txt.jpg,87,0,0.7368829063744318,0.5833844780449702,0.9106427451663474,0.6188080724388945
R87-3.txt.jpg,87,0,0.7372750281214848,0.5838761761594566,0.9078867630508181,0.620642717642185
R87-4.txt.jpg,87,0,0.7415075800112296,0.5892030561597233,0.9108543839986206,0.6252589217020773
R87-5.txt.jpg,87,0,0.7393888244188909,0.586532024101763,0.911005199306759,0.6221814523288157
R87-6.txt.jpg,87,0,0.7362257495590829,0.5825611253768003,0.9112023050729067,0.6176244303722555
R87-7.txt.jpg,87,0,0.747880099103186,0.5972911208962711,0.9112244897959184,0.6341954193052021
R87-8.txt.jpg,87,0,0.7363780638335391,0.5827518838961764,0.911153779019026,0.6178611587855832
R87-9.txt.jpg,87,0,0.7391992125707456,0.5862934255283555,0.9103030303030303,0.6222406344321477
R9-10.txt.jpg,9,0,0.7664589998316215,0.6213486213486213,0.8740399385560675,0.6824587706146926
R9-11.txt.jpg,9,0,0.7759933082392304,0.6339779949429372,0.8776726584673604,0.6954272863568216
R9-12.txt.jpg,9,0,0.7629326700113833,0.6167268761502284,0.8717602851912516,0.6782608695652174
R9-13.txt.jpg,9,0,0.7537906137184116,0.6048667439165701,0.8695737383635472,0.6652173913043479
R9-14.txt.jpg,9,0,0.7726606042827808,0.6295411089866156,0.8760809655041338,0.6910794602698651
R9-15.txt.jpg,9,0,0.7667927700714586,0.6217874429068103,0.8728229665071771,0.6837331334332833
R9-16.txt.jpg,9,0,0.7604166666666666,0.6134453781512605,0.873783573374854,0.673088455772114
R9-17.txt.jpg,9,0,0.7749989562022462,0.6326516700749829,0.8746583733861087,0.6957271364317841
R9-18.txt.jpg,9,0,0.7828685258964143,0.6432078559738135,0.8769059129788025,0.7070464767616191
R9-19.txt.jpg,9,0,0.7753348074596353,0.6330994072358112,0.8742120613416126,0.696551724137931
R9-2.txt.jpg,9,0,0.7704683288409704,0.626635610056861,0.8791810841983853,0.6856821589205397
R9-20.txt.jpg,9,0,0.7759311842325037,0.6338950672033841,0.8758484162895928,0.6964767616191904
R9-3.txt.jpg,9,0,0.7492733800649684,0.5990704668170324,0.8716189339697693,0.6570464767616192
R9-4.txt.jpg,9,0,0.7613160011855866,0.6146168045395501,0.8747689014303786,0.6739130434782609
R9-5.txt.jpg,9,0,0.7558587956096114,0.6075345731998093,0.8694550063371356,0.6685157421289355
R9-6.txt.jpg,9,0,0.7635811067493985,0.617574764440803,0.8738286155926963,0.6780359820089955
R9-7.txt.jpg,9,0,0.7709632854690835,0.6272906873765243,0.8730444676211245,0.6902548725637181
R9-8.txt.jpg,9,0,0.7612963276358098,0.6145911605984016,0.8738344988344988,0.6744377811094453
R9-9.txt.jpg,9,0,0.7571464924930019,0.6092001092001093,0.8718499706974019,0.6691154422788606
RTFRON_V41_12-11-2012_1.txt.jpg,41,0,0.7935405054592655,0.6577431808113411,0.919165118952861,0.6981258816417009
RTFRON_V41_12-11-2012_10.txt.jpg,41,0,0.7893669917766303,0.6520283078478453,0.9165926452300587,0.6931551017666421
RTFRON_V41_12-11-2012_11.txt.jpg,41,0,0.7925032445224827,0.6563191502813429,0.9177791530368667,0.6973198092295291
RTFRON_V41_12-11-2012_12.txt.jpg,41,0,0.7920051874737766,0.6556362488159141,0.9163283318623124,0.6973869819305434
RTFRON_V41_12-11-2012_13.txt.jpg,41,0,0.794540394220138,0.6591182237965716,0.9187092223593722,0.6999395445690871
RTFRON_V41_12-11-2012_14.txt.jpg,41,0,0.8013465466374159,0.6685389712843168,0.9170634577092892,0.7115604218445624
RTFRON_V41_12-11-2012_15.txt.jpg,41,0,0.8013478211486768,0.6685407454200885,0.9181849731042859,0.7108886948344193
RTFRON_V41_12-11-2012_16.txt.jpg,41,0,0.794034632695095,0.658422417610222,0.9186303062395199,0.6992006448579298
RTFRON_V41_12-11-2012_17.txt.jpg,41,0,0.7981794045135596,0.6641418923183741,0.9167102282627635,0.7067911600725465
RTFRON_V41_12-11-2012_18.txt.jpg,41,0,0.7889451088623122,0.651452807495094,0.9187572538166235,0.6912742661382414
RTFRON_V41_12-11-2012_19.txt.jpg,41,0,0.7870849132483052,0.6489200454717696,0.9156121903404028,0.6901995029220125
RTFRON_V41_12-11-2012_2.txt.jpg,41,0,0.7873792363134489,0.6493202655706608,0.9171206573189247,0.6897964667159266
RTFRON_V41_12-11-2012_3.txt.jpg,41,0,0.7946414979448927,0.6592573882293509,0.916673983668452,0.7012829985893733
RTFRON_V41_12-11-2012_4.txt.jpg,41,0,0.7883222865024329,0.6506039334724594,0.9174246477617264,0.6910727480351985
RTFRON_V41_12-11-2012_5.txt.jpg,41,0,0.7906852248394004,0.6538291279327136,0.9177984909010208,0.6944985557869282
RTFRON_V41_12-11-2012_6.txt.jpg,41,0,0.7885433840726966,0.6509051778706165,0.9186171163123101,0.6907368845301269
RTFRON_V41_12-11-2012_7.txt.jpg,41,0,0.7954035234580115,0.6603070313980668,0.9173249078462349,0.7020890710015449
RTFRON_V41_12-11-2012_8.txt.jpg,41,0,0.7936785986290936,0.6579329503125197,0.9162929745889388,0.7000067172701014
RTFRON_V41_12-11-2012_9.txt.jpg,41,0,0.7966624757115098,0.6620440729483282,0.9203345070422535,0.7022905891045879
RTFRON_V43_14-11-2012_1.txt.jpg,43,0,0.8115103854427478,0.6828081419500326,0.904559748427673,0.7358188910916417
RTFRON_V43_14-11-2012_10.txt.jpg,43,0,0.8049507057238102,0.6735711318179121,0.9035108669691904,0.7257786020336382
RTFRON_V43_14-11-2012_11.txt.jpg,43,0,0.8182455648271509,0.692398979410194,0.9056266977105161,0.7462428854639637
RTFRON_V43_14-11-2012_12.txt.jpg,43,0,0.8100801185896305,0.6807854303850033,0.9039067422810334,0.7339003645200486
RTFRON_V43_14-11-2012_13.txt.jpg,43,0,0.8071866472943762,0.6767082590612002,0.9051820060403751,0.7283366374624288
RTFRON_V43_14-11-2012_14.txt.jpg,43,0,0.8182390817469205,0.6923896949955581,0.9035474147924878,0.7476498049497986
RTFRON_V43_14-11-2012_15.txt.jpg,43,0,0.8126210515195267,0.6843822290764576,0.9042319749216301,0.7378653194346741
RTFRON_V43_14-11-2012_16.txt.jpg,43,0,0.8091262822780333,0.6794391968157786,0.9053273173434655,0.7314062799769777
RTFRON_V43_14-11-2012_17.txt.jpg,43,0,0.8052261591990343,0.6739569713538571,0.9051001676111422,0.7252030440621603
RTFRON_V43_14-11-2012_18.txt.jpg,43,0,0.7965944050940832,0.6619500594530321,0.9039538848745636,0.7120291616038882
RTFRON_V43_14-11-2012_19.txt.jpg,43,0,0.7924229898278279,0.656209072508632,0.9047110965200262,0.7049306132889941
RTFRON_V43_14-11-2012_2.txt.jpg,43,0,0.808591953006122,0.6786859926339551,0.905165583901125,0.7306388693483404
RTFRON_V43_14-11-2012_3.txt.jpg,43,0,0.8069852290035776,0.6764251781472684,0.9044783230109577,0.7284645392338683
RTFRON_V43_14-11-2012_4.txt.jpg,43,0,0.8087149969984816,0.6788593787052407,0.902933291278978,0.7323015923770544
RTFRON_V43_14-11-2012_5.txt.jpg,43,0,0.8007972381393031,0.6677746779842109,0.9028892455858748,0.7194474643473812
RTFRON_V43_14-11-2012_6.txt.jpg,43,0,0.8000427639784755,0.6667260631979093,0.9034932388924662,0.7178486922043871
RTFRON_V43_14-11-2012_7.txt.jpg,43,0,0.801196240387354,0.6683297695414587,0.9037025138543089,0.7195753661188208
RTFRON_V43_14-11-2012_8.txt.jpg,43,0,0.7989171089659103,0.6651640073551219,0.901736892891605,0.7171452324614696
RTFRON_V43_14-11-2012_9.txt.jpg,43,0,0.8093588746730755,0.6797672761814296,0.9046377498617366,0.7322376414913346
RTFRON_V54_14-11-2012_1.txt.jpg,54,0,0.6906214188015231,0.527442123094297,0.896535176120549,0.5616281866281866
RTFRON_V54_14-11-2012_10.txt.jpg,54,0,0.6944680222902905,0.5319425599276345,0.8990922121356903,0.5657166907166907
RTFRON_V54_14-11-2012_11.txt.jpg,54,0,0.6919550428867199,0.5289994347088751,0.8984254992319508,0.5626503126503126
RTFRON_V54_14-11-2012_12.txt.jpg,54,0,0.6884820634450044,0.5249505510031082,0.8973145285935085,0.5585016835016835
RTFRON_V54_14-11-2012_13.txt.jpg,54,0,0.6924894764049923,0.5296243998870376,0.8973205741626794,0.5637926887926888
RTFRON_V54_14-11-2012_14.txt.jpg,54,0,0.6896985389310154,0.52636630532972,0.8961837931365952,0.5605459355459356
RTFRON_V54_14-11-2012_15.txt.jpg,54,0,0.6839817188719206,0.5197357275961375,0.8952436533411147,0.5533910533910534
RTFRON_V54_14-11-2012_16.txt.jpg,54,0,0.6918341013824885,0.5288580768797204,0.8942151910797674,0.5641534391534392
RTFRON_V54_14-11-2012_17.txt.jpg,54,0,0.6872292368645166,0.5234952332599989,0.8944578313253012,0.557960557960558
RTFRON_V54_14-11-2012_18.txt.jpg,54,0,0.6984010292225694,0.5365715899463428,0.8985150855953845,0.5711880711880711
RTFRON_V54_14-11-2012_19.txt.jpg,54,0,0.6951457742066272,0.5327382633749506,0.8981807791218211,0.566979316979317
RTFRON_V54_14-11-2012_2.txt.jpg,54,0,0.6993171304794772,0.5376538331263407,0.8979822741844239,0.5726310726310726
RTFRON_V54_14-11-2012_3.txt.jpg,54,0,0.6950213580792458,0.5325921327388679,0.8967122767008742,0.5674001924001923
RTFRON_V54_14-11-2012_4.txt.jpg,54,0,0.6924980607985816,0.529634442623877,0.8978067234939182,0.5636123136123136
RTFRON_V54_14-11-2012_5.txt.jpg,54,0,0.7018251117789343,0.5406244706679465,0.8987234841374132,0.5756974506974507
RTFRON_V54_14-11-2012_6.txt.jpg,54,0,0.6905554322905111,0.5273651510872635,0.896926032660903,0.5613876863876864
RTFRON_V54_14-11-2012_7.txt.jpg,54,0,0.6976077609965825,0.5356356864736753,0.8970796711085909,0.5707070707070707
RTFRON_V54_14-11-2012_8.txt.jpg,54,0,0.6945202448558153,0.5320038415908706,0.8980545489223727,0.5661976911976911
RTFRON_V54_14-11-2012_9.txt.jpg,54,0,0.6898567886615106,0.5265506722404248,0.8970262727360215,0.5604256854256854
RTFRON_V55_14-11-2012_1.txt.jpg,55,0,0.7480618807578655,0.5975230478729312,0.8907194304164252,0.6447920412321707
RTFRON_V55_14-11-2012_10.txt.jpg,55,0,0.7366201637558422,0.5830551846906987,0.8904086313822105,0.6281313676135682
RTFRON_V55_14-11-2012_11.txt.jpg,55,0,0.7448092961580067,0.5933833750347511,0.8914877620917216,0.6395780894162771
RTFRON_V55_14-11-2012_12.txt.jpg,55,0,0.7427793105856878,0.5908106005889217,0.8900979325353645,0.6373007311518638
RTFRON_V55_14-11-2012_13.txt.jpg,55,0,0.7434017595307918,0.5915985997666278,0.8903662819869543,0.6380798274002157
RTFRON_V55_14-11-2012_14.txt.jpg,55,0,0.7479770793540546,0.5974148452235659,0.8893385085473615,0.6453913460385953
RTFRON_V55_14-11-2012_15.txt.jpg,55,0,0.7391350026265102,0.5862126430396623,0.8891229252675036,0.632446362219825
RTFRON_V55_14-11-2012_16.txt.jpg,55,0,0.7402038029204748,0.5875583722481654,0.8903209502148092,0.6334052499101043
RTFRON_V55_14-11-2012_17.txt.jpg,55,0,0.7460068900720326,0.5949050949050949,0.8894697535474234,0.6423948220064725
RTFRON_V55_14-11-2012_18.txt.jpg,55,0,0.7424760840723413,0.5904270087178632,0.889344262295082,0.6372408006712214
RTFRON_V55_14-11-2012_19.txt.jpg,55,0,0.7390132016668417,0.5860594279366843,0.8888888888888888,0.6323864317391825
RTFRON_V55_14-11-2012_2.txt.jpg,55,0,0.7488879621907145,0.5985778567857342,0.891232423490488,0.64575092892245
RTFRON_V55_14-11-2012_3.txt.jpg,55,0,0.7496701617943199,0.5995779184716206,0.891053152855728,0.6470094690159415
RTFRON_V55_14-11-2012_4.txt.jpg,55,0,0.7457249329571971,0.5945465652246349,0.8901637981208946,0.6416157257581205
RTFRON_V55_14-11-2012_5.txt.jpg,55,0,0.7443677198856107,0.5928230196644817,0.8902235568902236,0.6395780894162771
RTFRON_V55_14-11-2012_6.txt.jpg,55,0,0.7501042100875365,0.60013340003335,0.8921665840356966,0.6470693994965839
RTFRON_V55_14-11-2012_7.txt.jpg,55,0,0.7462904911180773,0.5952658776462744,0.8909680638722555,0.6420352391226177
RTFRON_V55_14-11-2012_8.txt.jpg,55,0,0.7438905180840665,0.5922178988326848,0.890951664157886,0.6384993407647129
RTFRON_V55_14-11-2012_9.txt.jpg,55,0,0.7361540624121451,0.582471360249138,0.8898895497026338,0.627711854249071
RTFRON_V68_21-11-2012_1.txt.jpg,68,0,0.7973636759311074,0.663013132044256,0.8872898360202034,0.7239880313893751
RTFRON_V68_21-11-2012_10.txt.jpg,68,0,0.7980142724170028,0.6639132679401136,0.8858579596335331,0.7260204369671992
RTFRON_V68_21-11-2012_11.txt.jpg,68,0,0.7971032510722944,0.6626530928634179,0.8867298250466773,0.7239315756788799
RTFRON_V68_21-11-2012_12.txt.jpg,68,0,0.7980261932840916,0.6639297702039763,0.8861396374664001,0.7258510698357139
RTFRON_V68_21-11-2012_13.txt.jpg,68,0,0.7980628938627262,0.6639805775091688,0.8864827586206897,0.7256817027042285
RTFRON_V68_21-11-2012_14.txt.jpg,68,0,0.7981617190411129,0.6641174038859032,0.8868953143330343,0.7255687912832383
RTFRON_V68_21-11-2012_15.txt.jpg,68,0,0.7979133026953174,0.6637735069229179,0.8866192809329929,0.7253429684412578
RTFRON_V68_21-11-2012_16.txt.jpg,68,0,0.7984727137269511,0.6645481320725469,0.8869043514240397,0.7260768926776944
RTFRON_V68_21-11-2012_17.txt.jpg,68,0,0.797901403203775,0.6637570373431124,0.8863369887578454,0.7255123355727432
RTFRON_V68_21-11-2012_18.txt.jpg,68,0,0.7968580210500171,0.6623142031379026,0.8852786975717439,0.7244961327838311
RTFRON_V68_21-11-2012_19.txt.jpg,68,0,0.7982232714170342,0.6642026363401395,0.8873006007872385,0.725399424151753
RTFRON_V68_21-11-2012_2.txt.jpg,68,0,0.799727055612419,0.6662876634451392,0.8873898678414097,0.727827019703043
RTFRON_V68_21-11-2012_3.txt.jpg,68,0,0.8004837509302902,0.6673388139186185,0.8879944960440317,0.7286738553604697
RTFRON_V68_21-11-2012_4.txt.jpg,68,0,0.7984866340011164,0.6645674168903573,0.8858460056423313,0.7268108169141309
RTFRON_V68_21-11-2012_5.txt.jpg,68,0,0.7986716737531424,0.6648238090317247,0.8868899917287014,0.7264156269406651
RTFRON_V68_21-11-2012_6.txt.jpg,68,0,0.7986612538349499,0.6648093690347211,0.8852706787579006,0.7274882854400723
RTFRON_V68_21-11-2012_7.txt.jpg,68,0,0.7962698165993162,0.6615019109596116,0.8859376080791312,0.7230847400214532
RTFRON_V68_21-11-2012_8.txt.jpg,68,0,0.7978991204897908,0.6637538779731127,0.8875138274336283,0.7247219556258115
RTFRON_V68_21-11-2012_9.txt.jpg,68,0,0.7987587276958883,0.6649444587961767,0.8868522601984564,0.7265849940721504
RTFRON_V70_21-11-2012_1.txt.jpg,70,0,0.727906123945728,0.572211011818968,0.8310075355847055,0.6475641583297086
RTFRON_V70_21-11-2012_10.txt.jpg,70,0,0.7337459403149703,0.5794618660472319,0.8405166362487716,0.6510439321444106
RTFRON_V70_21-11-2012_11.txt.jpg,70,0,0.7353300733496333,0.5814403093281779,0.8396147403685092,0.6540887342322749
RTFRON_V70_21-11-2012_12.txt.jpg,70,0,0.7387573784458102,0.5857377207372383,0.8387453364653862,0.6600695954762941
RTFRON_V70_21-11-2012_13.txt.jpg,70,0,0.7354254603291124,0.5815595975232198,0.8405817368200251,0.6536537625054372
RTFRON_V70_21-11-2012_14.txt.jpg,70,0,0.7364955493232532,0.5828990542366339,0.8381903968914793,0.6568073075250108
RTFRON_V70_21-11-2012_15.txt.jpg,70,0,0.7398547629218283,0.5871186440677966,0.8429981921846753,0.6591996520226185
RTFRON_V70_21-11-2012_16.txt.jpg,70,0,0.7329124011524552,0.5784228350266086,0.8399606575804413,0.6500652457590257
RTFRON_V70_21-11-2012_17.txt.jpg,70,0,0.7368743115897687,0.58337370409844,0.8425692695214105,0.6547411918225315
RTFRON_V70_21-11-2012_18.txt.jpg,70,0,0.7356798633563106,0.5818778346038792,0.8378491037932472,0.6557198782079164
RTFRON_V70_21-11-2012_19.txt.jpg,70,0,0.7348238897396631,0.5808075917497821,0.8413522233132277,0.6522401043932144
RTFRON_V70_21-11-2012_2.txt.jpg,70,0,0.7295927712314549,0.5742983467896963,0.831825142698037,0.6497390169638974
RTFRON_V70_21-11-2012_3.txt.jpg,70,0,0.7248173838315635,0.5684028112063156,0.8321353065539112,0.6420182688125272
RTFRON_V70_21-11-2012_4.txt.jpg,70,0,0.7314299688206883,0.576578313253012,0.8353581901968998,0.6505002174858634
RTFRON_V70_21-11-2012_5.txt.jpg,70,0,0.7336836959178685,0.579384229321494,0.8374720982142857,0.6527838190517616
RTFRON_V70_21-11-2012_6.txt.jpg,70,0,0.7341153470185728,0.57992277992278,0.8377021751254881,0.6533275337103088
RTFRON_V70_21-11-2012_7.txt.jpg,70,0,0.7357569842625351,0.5819743317572131,0.8378716310086135,0.6558286211396259
RTFRON_V70_21-11-2012_8.txt.jpg,70,0,0.7361348644026386,0.5824473226367678,0.8397435897435898,0.6552849064810787
RTFRON_V70_21-11-2012_9.txt.jpg,70,0,0.7298659781138571,0.5746369796708616,0.8396039603960396,0.6454980426272292
RTFRON_V72_21-11-2012_1.txt.jpg,72,0,0.7568154741047025,0.6087716331247534,0.8860354446997046,0.6604892966360856
RTFRON_V72_21-11-2012_10.txt.jpg,72,0,0.7564726903268753,0.6083281681410942,0.8854260641351596,0.6603058103975535
RTFRON_V72_21-11-2012_11.txt.jpg,72,0,0.7548002803083391,0.6061680454724521,0.8835931091058244,0.6587767584097859
RTFRON_V72_21-11-2012_12.txt.jpg,72,0,0.7589313776846517,0.6115144352524059,0.8844932844932845,0.6645871559633028
RTFRON_V72_21-11-2012_13.txt.jpg,72,0,0.759881388452817,0.6127489591538202,0.8843686561104345,0.6661162079510703
RTFRON_V72_21-11-2012_14.txt.jpg,72,0,0.760457334076966,0.6134983127109112,0.8840979088993354,0.6671559633027523
RTFRON_V72_21-11-2012_15.txt.jpg,72,0,0.7601143973214286,0.6130520393811533,0.8843531894173023,0.6664831804281346
RTFRON_V72_21-11-2012_16.txt.jpg,72,0,0.7541132815234894,0.6052823826917674,0.8817125081859856,0.6587767584097859
RTFRON_V72_21-11-2012_17.txt.jpg,72,0,0.7592863614189143,0.6119755097455485,0.8823291221250404,0.6663608562691131
RTFRON_V72_21-11-2012_18.txt.jpg,72,0,0.7607332032339001,0.6138574883302401,0.8840920136076462,0.6675840978593273
RTFRON_V72_21-11-2012_19.txt.jpg,72,0,0.7625969329206802,0.6162882194244604,0.8837752881437898,0.6706422018348623
RTFRON_V72_21-11-2012_2.txt.jpg,72,0,0.7522192475693955,0.6028456891197561,0.886941352384117,0.6530275229357798
RTFRON_V72_21-11-2012_3.txt.jpg,72,0,0.7566374781085814,0.6085413262719026,0.8853278688524591,0.660611620795107
RTFRON_V72_21-11-2012_4.txt.jpg,72,0,0.7579867179307934,0.610288737547138,0.88442088091354,0.6631804281345566
RTFRON_V72_21-11-2012_5.txt.jpg,72,0,0.7562460634054168,0.6080351114112087,0.8837095191364083,0.6609174311926606
RTFRON_V72_21-11-2012_6.txt.jpg,72,0,0.7583869164103998,0.6108077680833098,0.8846404695907386,0.6636697247706422
RTFRON_V72_21-11-2012_7.txt.jpg,72,0,0.7556832113208869,0.6073077356153587,0.884252807607181,0.6597553516819572
RTFRON_V72_21-11-2012_8.txt.jpg,72,0,0.7586929199832425,0.6112048599392508,0.8838457784285018,0.6645871559633028
RTFRON_V72_21-11-2012_9.txt.jpg,72,0,0.7604170298824924,0.6134458509142053,0.8844188498661691,0.6669113149847095
RTFRON_V83_10-12-2012_1.txt.jpg,83,0,0.6560321267220703,0.4881308100929615,0.8021003818876159,0.5549683872794187
RTFRON_V83_10-12-2012_10.txt.jpg,83,0,0.6626613262127281,0.49550748752079865,0.8071554411166825,0.5620458620364254
RTFRON_V83_10-12-2012_11.txt.jpg,83,0,0.6650011103708638,0.49812858687515593,0.8076871207012812,0.5651599509295083
RTFRON_V83_10-12-2012_12.txt.jpg,83,0,0.6589246831556027,0.4913405495420483,0.8068088597210828,0.5568557138812872
RTFRON_V83_10-12-2012_13.txt.jpg,83,0,0.6507918679096933,0.48235098235098234,0.8037175752531558,0.5467585165612909
RTFRON_V83_10-12-2012_14.txt.jpg,83,0,0.6501151491321687,0.48160785619174434,0.8030807660283097,0.546097952250637
RTFRON_V83_10-12-2012_15.txt.jpg,83,0,0.6528066528066528,0.4845679012345679,0.8068055555555556,0.5481740115126923
RTFRON_V83_10-12-2012_16.txt.jpg,83,0,0.6529878014503345,0.4847675486186462,0.8075639599555061,0.5480796451825989
RTFRON_V83_10-12-2012_17.txt.jpg,83,0,0.6583240223463687,0.49067288474350435,0.8067917294262632,0.5560064169104464
RTFRON_V83_10-12-2012_18.txt.jpg,83,0,0.6511966818003475,0.4827958776595745,0.8019050248481502,0.5481740115126923
RTFRON_V83_10-12-2012_19.txt.jpg,83,0,0.6491534004612702,0.4805530107437328,0.8036211699164345,0.5444937246390488
RTFRON_V83_10-12-2012_2.txt.jpg,83,0,0.6514464775334341,0.4830705394190871,0.8002474566950784,0.5493064074738133
RTFRON_V83_10-12-2012_3.txt.jpg,83,0,0.6631105184197367,0.4960099750623441,0.8063513513513514,0.5630838916674531
RTFRON_V83_10-12-2012_4.txt.jpg,83,0,0.6588733021598753,0.4912834135812718,0.8033120673272702,0.5584599414928754
RTFRON_V83_10-12-2012_5.txt.jpg,83,0,0.665595567867036,0.49879598106784023,0.8059841674493493,0.5668585448711899
RTFRON_V83_10-12-2012_6.txt.jpg,83,0,0.6570280227754829,0.48923435032005985,0.8042913762470958,0.5553458525997924
RTFRON_V83_10-12-2012_7.txt.jpg,83,0,0.6604645980725308,0.49305497795891207,0.8060919227631221,0.5594036047938096
RTFRON_V83_10-12-2012_8.txt.jpg,83,0,0.656216760902424,0.4883352774537577,0.8066336361134049,0.5530810606775503
RTFRON_V83_10-12-2012_9.txt.jpg,83,0,0.6597938144329897,0.49230769230769234,0.8056614044637996,0.5586486741530622
TFRON_V170_8-4-2013_0.jpg,170,0,0.70567192654716,0.5452032919788724,0.8826687879089191,0.587802940007946
TFRON_V170_8-4-2013_1.jpg,170,0,0.7110528823249166,0.551654038070597,0.8878643664485425,0.5929678188319428
TFRON_V170_8-4-2013_10.jpg,170,0,0.6627056303302211,0.4955570331862419,0.8505031642286545,0.5428420076811018
TFRON_V170_8-4-2013_11.jpg,170,0,0.6215583366976181,0.4509137769447048,0.7962350020686801,0.5097338100913786
TFRON_V170_8-4-2013_12.jpg,170,0,0.6123788807593434,0.4413156244655988,0.7602867524305215,0.5126473314792742
TFRON_V170_8-4-2013_13.jpg,170,0,0.5948160467285929,0.4233011950811154,0.7676683069835619,0.4854986094557012
TFRON_V170_8-4-2013_14.jpg,170,0,0.5698863171669256,0.398490220748027,0.7450812660393499,0.4613958416103827
TFRON_V170_8-4-2013_15.jpg,170,0,0.5522720823705866,0.3814750518004144,0.7120309396885126,0.45106608396238906
TFRON_V170_8-4-2013_16.jpg,170,0,0.5747650242096269,0.403277378097522,0.7454353562005277,0.46768639915243015
TFRON_V170_8-4-2013_17.jpg,170,0,0.5575906576521205,0.3865689449463099,0.7313769751693002,0.4505363528009535
TFRON_V170_8-4-2013_18.jpg,170,0,0.5775900221283444,0.40606437743961077,0.7359786732287501,0.4753012845980665
TFRON_V170_8-4-2013_19.jpg,170,0,0.5600456248981587,0.38893289577911055,0.7277154351048063,0.4551715004635148
TFRON_V170_8-4-2013_2.jpg,170,0,0.6991210277214334,0.5374220374220374,0.8753112239816752,0.5819758972321547
TFRON_V170_8-4-2013_3.jpg,170,0,0.7140691086106457,0.5552935335732903,0.8983935742971888,0.5925043040656867
TFRON_V170_8-4-2013_4.jpg,170,0,0.6965210063801613,0.5343553749538235,0.8838985640085548,0.5746920937624156
TFRON_V170_8-4-2013_5.jpg,170,0,0.6807504209091638,0.5160133697964144,0.8625558715969118,0.5622434114686796
TFRON_V170_8-4-2013_6.jpg,170,0,0.6816011459493873,0.5169916098267641,0.853938185443669,0.5671434247119587
TFRON_V170_8-4-2013_7.jpg,170,0,0.704978984804397,0.5443764823367869,0.9045841111802531,0.5775393987551317
TFRON_V170_8-4-2013_8.jpg,170,0,0.6949499819211763,0.532508311784263,0.8835427520686485,0.5727056019070322
TFRON_V170_8-4-2013_9.jpg,170,0,0.6638256814344295,0.4968106872066434,0.8448628735161686,0.5466825586015097
TFRON_V224_19-11-2013_0.jpg,224,0,0.5467812550672937,0.3762553001562151,0.9148128052088985,0.38991674375578167
TFRON_V224_19-11-2013_1.jpg,224,0,0.4186398433327399,0.2647340275823248,0.9093194122196442,0.2719125809435708
TFRON_V224_19-11-2013_10.jpg,224,0,0.5804697351828499,0.40891677308311586,0.911509900990099,0.4258209990749306
TFRON_V224_19-11-2013_11.jpg,224,0,0.4055417847025496,0.2543445672089279,0.8649924471299094,0.26485892691951896
TFRON_V224_19-11-2013_12.jpg,224,0,0.6205369076259213,0.44983944192226777,0.9138454617028455,0.4697617946345976
TFRON_V224_19-11-2013_13.jpg,224,0,0.48999086302849076,0.32449529677099953,0.8698024181657328,0.3410615171137835
TFRON_V224_19-11-2013_14.jpg,224,0,0.33683135215453197,0.2025238706795466,0.8554245283018868,0.20970166512488436
TFRON_V224_19-11-2013_15.jpg,224,0,0.4841364099083814,0.31937993172533435,0.9087579617834395,0.32996068455134137
TFRON_V224_19-11-2013_16.jpg,224,0,0.6059840832568105,0.43470384805401546,0.8958144796380091,0.45785152636447735
TFRON_V224_19-11-2013_17.jpg,224,0,0.37823153891429345,0.2332216638749302,0.8718430390315174,0.2415009250693802
TFRON_V224_19-11-2013_18.jpg,224,0,0.5627753741118565,0.391570923552806,0.8976826643028999,0.40986355226641996
TFRON_V224_19-11-2013_19.jpg,224,0,0.4917275552196187,0.32602037975388387,0.8982816814973918,0.3385175763182239
TFRON_V224_19-11-2013_2.jpg,224,0,0.31409891984081867,0.18630922272803913,0.8696222455403987,0.19166281221091583
TFRON_V224_19-11-2013_3.jpg,224,0,0.507270323859881,0.3398273190170467,0.8883101851851852,0.354995374653099
TFRON_V224_19-11-2013_4.jpg,224,0,0.3109239721814827,0.1840793232872108,0.8555063785472533,0.18998612395929695
TFRON_V224_19-11-2013_5.jpg,224,0,0.30057142857142854,0.1768661735036987,0.8520518358531317,0.18246993524514338
TFRON_V224_19-11-2013_6.jpg,224,0,0.6406063321385902,0.4712441636912936,0.9041947723440135,0.49601063829787234
TFRON_V224_19-11-2013_7.jpg,224,0,0.39618996270836143,0.24703047960555805,0.8887321104616005,0.2549144310823312
TFRON_V224_19-11-2013_8.jpg,224,0,0.5464070060383093,0.3759009628610729,0.8860070029827519,0.395004625346901
TFRON_V224_19-11-2013_9.jpg,224,0,0.6291305009897975,0.4589280755345737,0.9209763709317877,0.4777405180388529
TFRON_V226_19-11-2013_0.jpg,226,0,0.7880496054114995,0.6502325581395348,0.9241717218852077,0.686878612716763
TFRON_V226_19-11-2013_1.jpg,226,0,0.7873128215210197,0.6492299378546339,0.9088433315681973,0.6944508670520231
TFRON_V226_19-11-2013_10.jpg,226,0,0.7776797673886765,0.6362324263644625,0.8942820647682019,0.6879768786127167
TFRON_V226_19-11-2013_11.jpg,226,0,0.7891169512117143,0.6516871732586998,0.8828873944770353,0.7133526011560694
TFRON_V226_19-11-2013_12.jpg,226,0,0.7687266531227472,0.6243346817117309,0.8874262369496142,0.6780346820809249
TFRON_V226_19-11-2013_13.jpg,226,0,0.7693118555852028,0.6251070663811563,0.8943095657501723,0.674971098265896
TFRON_V226_19-11-2013_14.jpg,226,0,0.7841588102509627,0.644951673674439,0.9210074859638179,0.6827167630057803
TFRON_V226_19-11-2013_15.jpg,226,0,0.7181484581214189,0.5602430817136256,0.8103297980531745,0.6447976878612717
TFRON_V226_19-11-2013_16.jpg,226,0,0.7390802703148178,0.5861437908496732,0.8599923283467588,0.6479768786127168
TFRON_V226_19-11-2013_17.jpg,226,0,0.7816993464052288,0.6416309012875536,0.8992481203007519,0.6913294797687861
TFRON_V226_19-11-2013_18.jpg,226,0,0.7294736842105263,0.5741507870753936,0.846412213740458,0.6409248554913295
TFRON_V226_19-11-2013_19.jpg,226,0,0.7511037891268534,0.6014140987758548,0.8734099616858237,0.6588439306358381
TFRON_V226_19-11-2013_2.jpg,226,0,0.810200150194273,0.6809549945115257,0.9309672094244766,0.7171676300578035
TFRON_V226_19-11-2013_3.jpg,226,0,0.792417753875776,0.6562018913569386,0.9307494346096857,0.6898843930635838
TFRON_V226_19-11-2013_4.jpg,226,0,0.7970185360750597,0.662536007391706,0.917300022575062,0.7046242774566474
TFRON_V226_19-11-2013_5.jpg,226,0,0.7933490112947568,0.6574800988196541,0.9290202466837328,0.6922543352601156
TFRON_V226_19-11-2013_6.jpg,226,0,0.7739739739739739,0.6312867406923579,0.9153906866614049,0.6704046242774566
TFRON_V226_19-11-2013_7.jpg,226,0,0.7878987175271293,0.6500271296798698,0.9138062547673532,0.692485549132948
TFRON_V226_19-11-2013_8.jpg,226,0,0.7828097020999512,0.6431284438024929,0.896161013790533,0.6949132947976878
TFRON_V226_19-11-2013_9.jpg,226,0,0.807631874298541,0.6773343373493976,0.9069499459848758,0.7279190751445087
TFRON_V229_19-11-2013_0.jpg,229,0,0.7420668351586633,0.5899095881236746,0.9189706138062945,0.6222771694336512
TFRON_V229_19-11-2013_1.jpg,229,0,0.7280239035006825,0.5723565918450206,0.9748098389805394,0.5809490168373955
TFRON_V229_19-11-2013_10.jpg,229,0,0.7037358163380707,0.5428953643924853,0.9783041609894141,0.5495113622983634
TFRON_V229_19-11-2013_11.jpg,229,0,0.644264103372203,0.47521357587028534,0.9736842105263158,0.4813964441304604
TFRON_V229_19-11-2013_12.jpg,229,0,0.7485724546597234,0.5981748263789244,0.9597568836909476,0.6135641116213352
TFRON_V229_19-11-2013_13.jpg,229,0,0.6810827158626946,0.5163953221738133,0.9516163110078174,0.5303190863063699
TFRON_V229_19-11-2013_14.jpg,229,0,0.6482960904635097,0.4796139789858383,0.9410644257703081,0.4944660308489344
TFRON_V229_19-11-2013_15.jpg,229,0,0.6594233500979,0.49189529755427003,0.9477982562631057,0.5055928411633109
TFRON_V229_19-11-2013_16.jpg,229,0,0.6923759520816387,0.5294916021037155,0.9307157057654075,0.5512186506534793
TFRON_V229_19-11-2013_17.jpg,229,0,0.7050714648480012,0.5444867772299418,0.9185255198487713,0.5721182150005887
TFRON_V229_19-11-2013_18.jpg,229,0,0.7360188557960146,0.5823020850991694,0.9354575163398693,0.6066760861886259
TFRON_V229_19-11-2013_19.jpg,229,0,0.6916232879240964,0.5286117381489842,0.9273339273339274,0.5514541387024608
TFRON_V229_19-11-2013_2.jpg,229,0,0.7131129516968409,0.5541379506749444,0.9445631067961165,0.5727658071352879
TFRON_V229_19-11-2013_3.jpg,229,0,0.6334848847411662,0.4635769320569694,0.981948565776459,0.46756152125279643
TFRON_V229_19-11-2013_4.jpg,229,0,0.7010652463382158,0.5397232188621219,0.9429850746268656,0.5579300600494524
TFRON_V229_19-11-2013_5.jpg,229,0,0.6957602229083515,0.5334603614527398,0.9652110321771834,0.5439185211350523
TFRON_V229_19-11-2013_6.jpg,229,0,0.6912172690305173,0.5281375225042104,0.9750187627318537,0.5353820793594725
TFRON_V229_19-11-2013_7.jpg,229,0,0.6901515728539873,0.5268942257370471,0.9772433132010354,0.533439302955375
TFRON_V229_19-11-2013_8.jpg,229,0,0.6659450264816175,0.49918859394922915,0.9698232181060691,0.5070646414694454
TFRON_V229_19-11-2013_9.jpg,229,0,0.7160933615347508,0.5577456647398844,0.9684833885375891,0.5680560461556576
TFRON_V266_6-10-2014_0.jpg,266,0,0.7764152528137074,0.6345414607358594,0.9092160912756959,0.677464272627336
TFRON_V266_6-10-2014_1.jpg,266,0,0.7726460195385575,0.6295217450209999,0.8926993275696445,0.6810553316233052
TFRON_V266_6-10-2014_10.jpg,266,0,0.7841986077329531,0.6450055187637969,0.916576806195471,0.6852326859655552
TFRON_V266_6-10-2014_11.jpg,266,0,0.7618726560195525,0.6153427268395616,0.8962918897481658,0.6625137412971784
TFRON_V266_6-10-2014_12.jpg,266,0,0.7652537064105241,0.6197659473719813,0.8895145631067961,0.671454745327959
TFRON_V266_6-10-2014_13.jpg,266,0,0.7625057848458076,0.6161691711429931,0.8951007506914264,0.6641260534994503
TFRON_V266_6-10-2014_14.jpg,266,0,0.7697841726618705,0.6257309941520468,0.896618922342395,0.6743862220593624
TFRON_V266_6-10-2014_15.jpg,266,0,0.7518993753165626,0.6024349002367264,0.8865332935204538,0.652766581165262
TFRON_V266_6-10-2014_16.jpg,266,0,0.7529421725510118,0.6037748659107882,0.8913501052420567,0.6517405643092707
TFRON_V266_6-10-2014_17.jpg,266,0,0.7365065873353166,0.5829128826101581,0.8765806777946383,0.6350311469402712
TFRON_V266_6-10-2014_18.jpg,266,0,0.7459131845149174,0.5947859233544347,0.893090760425184,0.6403810919750824
TFRON_V266_6-10-2014_19.jpg,266,0,0.765775489870475,0.6204507231752439,0.8831753327587858,0.6759252473433492
TFRON_V266_6-10-2014_2.jpg,266,0,0.7872331606217616,0.6491216077653975,0.9061068702290076,0.6959325760351778
TFRON_V266_6-10-2014_3.jpg,266,0,0.7687515784156915,0.6243675646109668,0.9029961435775734,0.6692561377794064
TFRON_V266_6-10-2014_4.jpg,266,0,0.7853798019145497,0.6466052541794609,0.9036810986076673,0.694466837669476
TFRON_V266_6-10-2014_5.jpg,266,0,0.7927390277259729,0.6566426364572605,0.9122472338801983,0.7009160864785636
TFRON_V266_6-10-2014_6.jpg,266,0,0.7858967379925463,0.647306339242602,0.9167643610785463,0.6877244411872481
TFRON_V266_6-10-2014_7.jpg,266,0,0.7752068907279176,0.6329288472145616,0.9144337085367068,0.6727739098570905
TFRON_V266_6-10-2014_8.jpg,266,0,0.7702440260069239,0.6263389178797034,0.9084752514689772,0.6685232685965555
TFRON_V266_6-10-2014_9.jpg,266,0,0.7779327837666455,0.6365711913657119,0.9191808191808192,0.6743129351410773
TFRON_V286_19-3-2015_0.jpg,286,0,0.7303459445990282,0.5752322386497448,0.857435397367138,0.6360677083333334
TFRON_V286_19-3-2015_1.jpg,286,0,0.732196424902404,0.5775314404252561,0.8475882408904957,0.6444589120370371
TFRON_V286_19-3-2015_10.jpg,286,0,0.7319305413687436,0.5772006701894574,0.8409539010421556,0.6479311342592593
TFRON_V286_19-3-2015_11.jpg,286,0,0.739432895325658,0.5865874911250242,0.8448452170679558,0.6574074074074074
TFRON_V286_19-3-2015_12.jpg,286,0,0.7337370100646429,0.5794507269789984,0.8445093237897909,0.6486545138888888
TFRON_V286_19-3-2015_13.jpg,286,0,0.7265905383360522,0.5705867281578273,0.8328347045624532,0.6443865740740741
TFRON_V286_19-3-2015_14.jpg,286,0,0.7264559205374439,0.57042071197411,0.844237953826995,0.6375144675925926
TFRON_V286_19-3-2015_15.jpg,286,0,0.7229641693811075,0.566126769544701,0.8269374068554396,0.6422164351851852
TFRON_V286_19-3-2015_16.jpg,286,0,0.725548455370589,0.5693025038323966,0.829502093997208,0.6447482638888888
TFRON_V286_19-3-2015_17.jpg,286,0,0.733530388306272,0.579193043033442,0.8330727490113125,0.6552372685185185
TFRON_V286_19-3-2015_18.jpg,286,0,0.7320213502831765,0.5773136246786632,0.8380445937121,0.6498119212962963
TFRON_V286_19-3-2015_19.jpg,286,0,0.7334232136291212,0.5790594155215792,0.8425795550549141,0.6493055555555556
TFRON_V286_19-3-2015_2.jpg,286,0,0.7281659831905477,0.5725322436470438,0.8298935677926885,0.6486545138888888
TFRON_V286_19-3-2015_3.jpg,286,0,0.7362259516987311,0.5825613785061864,0.8479162738072789,0.6505353009259259
TFRON_V286_19-3-2015_4.jpg,286,0,0.7421373358962824,0.5899986994407596,0.8537687023619084,0.6563223379629629
TFRON_V286_19-3-2015_5.jpg,286,0,0.7421507225019444,0.590015620932049,0.8547854785478548,0.6557436342592593
TFRON_V286_19-3-2015_6.jpg,286,0,0.7340955492037566,0.5798980710921876,0.8427714232139508,0.6502459490740741
TFRON_V286_19-3-2015_7.jpg,286,0,0.7487680683311432,0.5984246800131277,0.865976443768997,0.6595052083333334
TFRON_V286_19-3-2015_8.jpg,286,0,0.7583947583947583,0.6108179419525066,0.873914684786712,0.6698495370370371
TFRON_V286_19-3-2015_9.jpg,286,0,0.7392225572487979,0.5863227974920819,0.846333271132674,0.6561776620370371
TFRON_V41_12-11-2012_0.txt.jpg,41,0,0.7900336803429271,0.6529385715189473,0.9181567476203185,0.6932894471686707
TFRON_V43_14-11-2012_0.txt.jpg,43,0,0.8170517592527565,0.6906910472571836,0.9060042052799626,0.7440046044637718
TFRON_V54_14-11-2012_0.txt.jpg,54,0,0.6923247232472325,0.5294316835035837,0.896159724875812,0.564033189033189
TFRON_V55_14-11-2012_0.txt.jpg,55,0,0.7440903702670665,0.5924712675587142,0.8895465155051684,0.6395181589356347
TFRON_V57_19-11-2012_0.jpg,57,0,0.7603305785123967,0.6133333333333333,0.8764191569881248,0.6713985804258722
TFRON_V57_19-11-2012_1.jpg,57,0,0.745658835546476,0.5944625407166124,0.8623178894868093,0.6568029591122663
TFRON_V57_19-11-2012_10.jpg,57,0,0.7379302510507781,0.5846984698469847,0.8543995791135078,0.6494051784464661
TFRON_V57_19-11-2012_11.jpg,57,0,0.7708261320428621,0.6271091113610798,0.9095853161114887,0.6687993601919424
TFRON_V57_19-11-2012_12.jpg,57,0,0.759808394160584,0.6126540371528416,0.8843754148413646,0.666000199940018
TFRON_V57_19-11-2012_13.jpg,57,0,0.7520203186331101,0.6025901942645698,0.8897691572189591,0.6512046386084175
TFRON_V57_19-11-2012_14.jpg,57,0,0.7548361173296596,0.606214272542873,0.8863575087624697,0.6573028091572528
TFRON_V57_19-11-2012_15.jpg,57,0,0.7523439286530985,0.6030058651026393,0.8786219789023901,0.6578026592022393
TFRON_V57_19-11-2012_16.jpg,57,0,0.7624619973613262,0.616111986650598,0.8944818304172275,0.6644006797960612
TFRON_V57_19-11-2012_17.jpg,57,0,0.7484187133169982,0.5979785102895647,0.8702623906705539,0.6565030490852745
TFRON_V57_19-11-2012_18.jpg,57,0,0.7421052631578947,0.5899581589958159,0.8674602113146984,0.6484054783564931
TFRON_V57_19-11-2012_19.jpg,57,0,0.7362389303698559,0.5825776312173674,0.8743469892768766,0.6358092572228331
TFRON_V57_19-11-2012_2.jpg,57,0,0.7150534592973921,0.5564849872325438,0.8235600729736774,0.6318104568629411
TFRON_V57_19-11-2012_3.jpg,57,0,0.6939903033036419,0.5313821980488647,0.7957336780866192,0.6153154053783865
TFRON_V57_19-11-2012_4.jpg,57,0,0.690561797752809,0.5273725759395915,0.7882518917532384,0.6144156752974108
TFRON_V57_19-11-2012_5.jpg,57,0,0.6768807023584094,0.5115794951860526,0.7944504310344828,0.5896231130660802
TFRON_V57_19-11-2012_6.jpg,57,0,0.7209434176210455,0.5636524822695036,0.8327439423706614,0.6356093172048386
TFRON_V57_19-11-2012_7.jpg,57,0,0.7274872198191112,0.5716934487021014,0.8303411131059246,0.6473058082575227
TFRON_V57_19-11-2012_8.jpg,57,0,0.7127037310466239,0.5536439032998058,0.8250065737575598,0.6273118064580626
TFRON_V57_19-11-2012_9.jpg,57,0,0.7354306343476018,0.5815660685154975,0.8615735767991407,0.6415075477356793
TFRON_V65_21-11-2012_0.jpg,65,0,0.6693088706804418,0.5029783816344288,0.8787418147801683,0.5404919447640967
TFRON_V65_21-11-2012_1.jpg,65,0,0.6354864647547575,0.46572382636024356,0.8385993869370432,0.5115794016110472
TFRON_V65_21-11-2012_10.jpg,65,0,0.6129305351334492,0.4418888531962737,0.8054807354491158,0.4946777905638665
TFRON_V65_21-11-2012_11.jpg,65,0,0.6252863238266337,0.4548484056455829,0.8325559143643105,0.5006472957422324
TFRON_V65_21-11-2012_12.jpg,65,0,0.5863733905579399,0.4148007590132827,0.7748109640831758,0.471662830840046
TFRON_V65_21-11-2012_13.jpg,65,0,0.5755601178255825,0.40406065923048,0.7584097859327217,0.46375143843498273
TFRON_V65_21-11-2012_14.jpg,65,0,0.5935900888769189,0.4220605132133282,0.7895868163362789,0.4755466052934407
TFRON_V65_21-11-2012_15.jpg,65,0,0.5807836822329576,0.4092284417549168,0.7681022243256034,0.46691599539700807
TFRON_V65_21-11-2012_16.jpg,65,0,0.5997522822147805,0.4283187000393133,0.8279924002533249,0.4701524741081703
TFRON_V65_21-11-2012_17.jpg,65,0,0.6139839766933721,0.44298476090383604,0.8363095238095238,0.48504027617951667
TFRON_V65_21-11-2012_18.jpg,65,0,0.598095748960708,0.4266309546585039,0.7901263729774418,0.48115650172612195
TFRON_V65_21-11-2012_19.jpg,65,0,0.6020398787099146,0.4306559747600894,0.8333757313660646,0.47123130034522437
TFRON_V65_21-11-2012_2.jpg,65,0,0.6261694793858275,0.45578364288041706,0.8291641967990516,0.5030207134637514
TFRON_V65_21-11-2012_3.jpg,65,0,0.6341485344362525,0.4642880653018234,0.8456834532374101,0.5072640966628308
TFRON_V65_21-11-2012_4.jpg,65,0,0.6173050154909973,0.44645060726115476,0.8215608939882874,0.4943901035673188
TFRON_V65_21-11-2012_5.jpg,65,0,0.6228187919463087,0.4522417153996101,0.8240587260241534,0.5005753739930955
TFRON_V65_21-11-2012_6.jpg,65,0,0.6207485285528148,0.45006189328295004,0.8270082605052077,0.49683544303797467
TFRON_V65_21-11-2012_7.jpg,65,0,0.6169385474860335,0.44606734311381113,0.8147798370912525,0.496403912543153
TFRON_V65_21-11-2012_8.jpg,65,0,0.61751443001443,0.4466697110052841,0.8277321083172147,0.4924482163406214
TFRON_V65_21-11-2012_9.jpg,65,0,0.6197786504819707,0.4490429384376617,0.8165569143932268,0.4994246260069045
TFRON_V68_21-11-2012_0.txt.jpg,68,0,0.796640334717582,0.6620134924753502,0.8912253737599553,0.7202054987862022
TFRON_V70_21-11-2012_0.txt.jpg,70,0,0.7284938030404786,0.5729376740612696,0.8305721843240985,0.6487603305785123
TFRON_V72_21-11-2012_0.txt.jpg,72,0,0.7518738783122778,0.6024021653321304,0.8853070357172453,0.653394495412844
TFRON_V83_10-12-2012_0.txt.jpg,83,0,0.6502496213608572,0.4817554650486244,0.8016597510373444,0.5469472492214777
